"sample","fastq_1","fastq_2","run_accession","experiment_accession","sample_accession","secondary_sample_accession","study_accession","secondary_study_accession","submission_accession","run_alias","experiment_alias","sample_alias","study_alias","library_layout","library_selection","library_source","library_strategy","library_name","instrument_model","instrument_platform","base_count","read_count","tax_id","scientific_name","sample_title","experiment_title","study_title","sample_description","fastq_md5","fastq_bytes","fastq_ftp","fastq_galaxy","fastq_aspera"
"ERX2637404","data/fastq/ERX2637404_ERR2619707_1.fastq.gz","data/fastq/ERX2637404_ERR2619707_2.fastq.gz","ERR2619707","ERX2637404","SAMEA4719760","ERS2539904","PRJEB27005","ERP109040","ERA1516435","ena-RUN-ALFRED WEGENER INSTITUTE FOR POLAR AND MARINE RESE-08-06-2018-18:06:56:829-1","ena-EXPERIMENT-ALFRED WEGENER INSTITUTE FOR POLAR AND MARINE RESE-08-06-2018-18:06:56:828-1","BAB01","ena-STUDY-ALFRED WEGENER INSTITUTE FOR POLAR AND MARINE RESE-29-05-2018-10:54:56:321-935","PAIRED","RANDOM","METAGENOMIC","WGS","BAB01a","Illumina HiSeq 2000","ILLUMINA","4962048190","24564595","408170","human gut metagenome","Cam2013_BAB01","Illumina HiSeq 2000 paired end sequencing","Gut metagenomes of rural populations in Cameroon","Faecal metagenome of a 61 old male from Bandevouri, Cameroon","b4eed26ece59866cc3d3e343be6752ba;25415c2fd24e224dbd00cdb10c44f901","2320212993;2277514984","ftp.sra.ebi.ac.uk/vol1/fastq/ERR261/007/ERR2619707/ERR2619707_1.fastq.gz;ftp.sra.ebi.ac.uk/vol1/fastq/ERR261/007/ERR2619707/ERR2619707_2.fastq.gz","ftp.sra.ebi.ac.uk/vol1/fastq/ERR261/007/ERR2619707/ERR2619707_1.fastq.gz;ftp.sra.ebi.ac.uk/vol1/fastq/ERR261/007/ERR2619707/ERR2619707_2.fastq.gz","fasp.sra.ebi.ac.uk:/vol1/fastq/ERR261/007/ERR2619707/ERR2619707_1.fastq.gz;fasp.sra.ebi.ac.uk:/vol1/fastq/ERR261/007/ERR2619707/ERR2619707_2.fastq.gz"
"ERX2637405","data/fastq/ERX2637405_ERR2619708_1.fastq.gz","data/fastq/ERX2637405_ERR2619708_2.fastq.gz","ERR2619708","ERX2637405","SAMEA4719761","ERS2539905","PRJEB27005","ERP109040","ERA1516435","ena-RUN-ALFRED WEGENER INSTITUTE FOR POLAR AND MARINE RESE-08-06-2018-18:06:56:829-2","ena-EXPERIMENT-ALFRED WEGENER INSTITUTE FOR POLAR AND MARINE RESE-08-06-2018-18:06:56:829-2","BAB04","ena-STUDY-ALFRED WEGENER INSTITUTE FOR POLAR AND MARINE RESE-29-05-2018-10:54:56:321-935","PAIRED","RANDOM","METAGENOMIC","WGS","BAB04a","Illumina HiSeq 2000","ILLUMINA","6762657404","33478502","408170","human gut metagenome","Cam2013_BAB04","Illumina HiSeq 2000 paired end sequencing","Gut metagenomes of rural populations in Cameroon","Faecal metagenome of a 41 old male from Bidou, Cameroon","b26775f1462888abede14ae45dd3fc13;0ecec10373494c5950905e858bf23b1f","3108337786;3049229729","ftp.sra.ebi.ac.uk/vol1/fastq/ERR261/008/ERR2619708/ERR2619708_1.fastq.gz;ftp.sra.ebi.ac.uk/vol1/fastq/ERR261/008/ERR2619708/ERR2619708_2.fastq.gz","ftp.sra.ebi.ac.uk/vol1/fastq/ERR261/008/ERR2619708/ERR2619708_1.fastq.gz;ftp.sra.ebi.ac.uk/vol1/fastq/ERR261/008/ERR2619708/ERR2619708_2.fastq.gz","fasp.sra.ebi.ac.uk:/vol1/fastq/ERR261/008/ERR2619708/ERR2619708_1.fastq.gz;fasp.sra.ebi.ac.uk:/vol1/fastq/ERR261/008/ERR2619708/ERR2619708_2.fastq.gz"
"ERX2637406","data/fastq/ERX2637406_ERR2619709_1.fastq.gz","data/fastq/ERX2637406_ERR2619709_2.fastq.gz","ERR2619709","ERX2637406","SAMEA4719762","ERS2539906","PRJEB27005","ERP109040","ERA1516435","ena-RUN-ALFRED WEGENER INSTITUTE FOR POLAR AND MARINE RESE-08-06-2018-18:06:56:829-3","ena-EXPERIMENT-ALFRED WEGENER INSTITUTE FOR POLAR AND MARINE RESE-08-06-2018-18:06:56:829-3","BAB06","ena-STUDY-ALFRED WEGENER INSTITUTE FOR POLAR AND MARINE RESE-29-05-2018-10:54:56:321-935","PAIRED","RANDOM","METAGENOMIC","WGS","BAB06a","Illumina HiSeq 2000","ILLUMINA","6419671706","31780553","408170","human gut metagenome","Cam2013_BAB06","Illumina HiSeq 2000 paired end sequencing","Gut metagenomes of rural populations in Cameroon","Faecal metagenome of a 49 old female from Bidou, Cameroon","bbfc605bdd63b1fb935271a240db0f42;0846e770022cfe56f54bd379b33f73a6","2966330940;2939406748","ftp.sra.ebi.ac.uk/vol1/fastq/ERR261/009/ERR2619709/ERR2619709_1.fastq.gz;ftp.sra.ebi.ac.uk/vol1/fastq/ERR261/009/ERR2619709/ERR2619709_2.fastq.gz","ftp.sra.ebi.ac.uk/vol1/fastq/ERR261/009/ERR2619709/ERR2619709_1.fastq.gz;ftp.sra.ebi.ac.uk/vol1/fastq/ERR261/009/ERR2619709/ERR2619709_2.fastq.gz","fasp.sra.ebi.ac.uk:/vol1/fastq/ERR261/009/ERR2619709/ERR2619709_1.fastq.gz;fasp.sra.ebi.ac.uk:/vol1/fastq/ERR261/009/ERR2619709/ERR2619709_2.fastq.gz"
"ERX2637407","data/fastq/ERX2637407_ERR2619710_1.fastq.gz","data/fastq/ERX2637407_ERR2619710_2.fastq.gz","ERR2619710","ERX2637407","SAMEA4719763","ERS2539907","PRJEB27005","ERP109040","ERA1516435","ena-RUN-ALFRED WEGENER INSTITUTE FOR POLAR AND MARINE RESE-08-06-2018-18:06:56:829-4","ena-EXPERIMENT-ALFRED WEGENER INSTITUTE FOR POLAR AND MARINE RESE-08-06-2018-18:06:56:829-4","BAB07","ena-STUDY-ALFRED WEGENER INSTITUTE FOR POLAR AND MARINE RESE-29-05-2018-10:54:56:321-935","PAIRED","RANDOM","METAGENOMIC","WGS","BAB07a","Illumina HiSeq 2000","ILLUMINA","4606874418","22806309","408170","human gut metagenome","Cam2013_BAB07","Illumina HiSeq 2000 paired end sequencing","Gut metagenomes of rural populations in Cameroon","Faecal metagenome of a 57 old male from Bidou, Cameroon","6aa5d57ca1bf76d2f418ac1bb1ec13e7;0dfbf71e2f2845d249b3351a96f41542","2168520543;2123609310","ftp.sra.ebi.ac.uk/vol1/fastq/ERR261/000/ERR2619710/ERR2619710_1.fastq.gz;ftp.sra.ebi.ac.uk/vol1/fastq/ERR261/000/ERR2619710/ERR2619710_2.fastq.gz","ftp.sra.ebi.ac.uk/vol1/fastq/ERR261/000/ERR2619710/ERR2619710_1.fastq.gz;ftp.sra.ebi.ac.uk/vol1/fastq/ERR261/000/ERR2619710/ERR2619710_2.fastq.gz","fasp.sra.ebi.ac.uk:/vol1/fastq/ERR261/000/ERR2619710/ERR2619710_1.fastq.gz;fasp.sra.ebi.ac.uk:/vol1/fastq/ERR261/000/ERR2619710/ERR2619710_2.fastq.gz"
"ERX2637408","data/fastq/ERX2637408_ERR2619711_1.fastq.gz","data/fastq/ERX2637408_ERR2619711_2.fastq.gz","ERR2619711","ERX2637408","SAMEA4719764","ERS2539908","PRJEB27005","ERP109040","ERA1516435","ena-RUN-ALFRED WEGENER INSTITUTE FOR POLAR AND MARINE RESE-08-06-2018-18:06:56:829-5","ena-EXPERIMENT-ALFRED WEGENER INSTITUTE FOR POLAR AND MARINE RESE-08-06-2018-18:06:56:829-5","BAB08","ena-STUDY-ALFRED WEGENER INSTITUTE FOR POLAR AND MARINE RESE-29-05-2018-10:54:56:321-935","PAIRED","RANDOM","METAGENOMIC","WGS","BAB08a","Illumina HiSeq 2000","ILLUMINA","4211169346","20847373","408170","human gut metagenome","Cam2013_BAB08","Illumina HiSeq 2000 paired end sequencing","Gut metagenomes of rural populations in Cameroon","Faecal metagenome of a 53 old female from Bidou, Cameroon","e69a2964cae651cbe7ccdf65e5d6d768;dfef1119a90b92b25c3aa8ec7d530baa","1964180309;1935422964","ftp.sra.ebi.ac.uk/vol1/fastq/ERR261/001/ERR2619711/ERR2619711_1.fastq.gz;ftp.sra.ebi.ac.uk/vol1/fastq/ERR261/001/ERR2619711/ERR2619711_2.fastq.gz","ftp.sra.ebi.ac.uk/vol1/fastq/ERR261/001/ERR2619711/ERR2619711_1.fastq.gz;ftp.sra.ebi.ac.uk/vol1/fastq/ERR261/001/ERR2619711/ERR2619711_2.fastq.gz","fasp.sra.ebi.ac.uk:/vol1/fastq/ERR261/001/ERR2619711/ERR2619711_1.fastq.gz;fasp.sra.ebi.ac.uk:/vol1/fastq/ERR261/001/ERR2619711/ERR2619711_2.fastq.gz"
"ERX2637409","data/fastq/ERX2637409_ERR2619712_1.fastq.gz","data/fastq/ERX2637409_ERR2619712_2.fastq.gz","ERR2619712","ERX2637409","SAMEA4719765","ERS2539909","PRJEB27005","ERP109040","ERA1516435","ena-RUN-ALFRED WEGENER INSTITUTE FOR POLAR AND MARINE RESE-08-06-2018-18:06:56:829-6","ena-EXPERIMENT-ALFRED WEGENER INSTITUTE FOR POLAR AND MARINE RESE-08-06-2018-18:06:56:829-6","BAB09","ena-STUDY-ALFRED WEGENER INSTITUTE FOR POLAR AND MARINE RESE-29-05-2018-10:54:56:321-935","PAIRED","RANDOM","METAGENOMIC","WGS","BAB09a","Illumina HiSeq 2000","ILLUMINA","4220084818","20891509","408170","human gut metagenome","Cam2013_BAB09","Illumina HiSeq 2000 paired end sequencing","Gut metagenomes of rural populations in Cameroon","Faecal metagenome of a 36 old male from Bidou, Cameroon","d6bc0474f51fb402d825fa5201c9e685;3ed21b5d255f6d07d92b35097408d2b2","1964229308;1938750406","ftp.sra.ebi.ac.uk/vol1/fastq/ERR261/002/ERR2619712/ERR2619712_1.fastq.gz;ftp.sra.ebi.ac.uk/vol1/fastq/ERR261/002/ERR2619712/ERR2619712_2.fastq.gz","ftp.sra.ebi.ac.uk/vol1/fastq/ERR261/002/ERR2619712/ERR2619712_1.fastq.gz;ftp.sra.ebi.ac.uk/vol1/fastq/ERR261/002/ERR2619712/ERR2619712_2.fastq.gz","fasp.sra.ebi.ac.uk:/vol1/fastq/ERR261/002/ERR2619712/ERR2619712_1.fastq.gz;fasp.sra.ebi.ac.uk:/vol1/fastq/ERR261/002/ERR2619712/ERR2619712_2.fastq.gz"
"ERX2637410","data/fastq/ERX2637410_ERR2619713_1.fastq.gz","data/fastq/ERX2637410_ERR2619713_2.fastq.gz","ERR2619713","ERX2637410","SAMEA4719766","ERS2539910","PRJEB27005","ERP109040","ERA1516435","ena-RUN-ALFRED WEGENER INSTITUTE FOR POLAR AND MARINE RESE-08-06-2018-18:06:56:829-7","ena-EXPERIMENT-ALFRED WEGENER INSTITUTE FOR POLAR AND MARINE RESE-08-06-2018-18:06:56:829-7","BAB11","ena-STUDY-ALFRED WEGENER INSTITUTE FOR POLAR AND MARINE RESE-29-05-2018-10:54:56:321-935","PAIRED","RANDOM","METAGENOMIC","WGS","BAB11a","Illumina HiSeq 2000","ILLUMINA","3223711536","15958968","408170","human gut metagenome","Cam2013_BAB11","Illumina HiSeq 2000 paired end sequencing","Gut metagenomes of rural populations in Cameroon","Faecal metagenome of a 33 old female from Bidou, Cameroon","3cb1ebb06cdc29c272a22e9b6cf12864;0a3de817782a7c3a20c59857a3d96cfe","1517486811;1491973540","ftp.sra.ebi.ac.uk/vol1/fastq/ERR261/003/ERR2619713/ERR2619713_1.fastq.gz;ftp.sra.ebi.ac.uk/vol1/fastq/ERR261/003/ERR2619713/ERR2619713_2.fastq.gz","ftp.sra.ebi.ac.uk/vol1/fastq/ERR261/003/ERR2619713/ERR2619713_1.fastq.gz;ftp.sra.ebi.ac.uk/vol1/fastq/ERR261/003/ERR2619713/ERR2619713_2.fastq.gz","fasp.sra.ebi.ac.uk:/vol1/fastq/ERR261/003/ERR2619713/ERR2619713_1.fastq.gz;fasp.sra.ebi.ac.uk:/vol1/fastq/ERR261/003/ERR2619713/ERR2619713_2.fastq.gz"
"ERX2637411","data/fastq/ERX2637411_ERR2619714_1.fastq.gz","data/fastq/ERX2637411_ERR2619714_2.fastq.gz","ERR2619714","ERX2637411","SAMEA4719767","ERS2539911","PRJEB27005","ERP109040","ERA1516435","ena-RUN-ALFRED WEGENER INSTITUTE FOR POLAR AND MARINE RESE-08-06-2018-18:06:56:829-8","ena-EXPERIMENT-ALFRED WEGENER INSTITUTE FOR POLAR AND MARINE RESE-08-06-2018-18:06:56:829-8","BAB15","ena-STUDY-ALFRED WEGENER INSTITUTE FOR POLAR AND MARINE RESE-29-05-2018-10:54:56:321-935","PAIRED","RANDOM","METAGENOMIC","WGS","BAB15a","Illumina HiSeq 2000","ILLUMINA","3651752970","18077985","408170","human gut metagenome","Cam2013_BAB15","Illumina HiSeq 2000 paired end sequencing","Gut metagenomes of rural populations in Cameroon","Faecal metagenome of a 59 old female from Bandevouri, Cameroon","0731f039d3e4a9f0c22cda3c855c7d49;0f561062cbf38621aca96d4765c83032","1708676522;1688923884","ftp.sra.ebi.ac.uk/vol1/fastq/ERR261/004/ERR2619714/ERR2619714_1.fastq.gz;ftp.sra.ebi.ac.uk/vol1/fastq/ERR261/004/ERR2619714/ERR2619714_2.fastq.gz","ftp.sra.ebi.ac.uk/vol1/fastq/ERR261/004/ERR2619714/ERR2619714_1.fastq.gz;ftp.sra.ebi.ac.uk/vol1/fastq/ERR261/004/ERR2619714/ERR2619714_2.fastq.gz","fasp.sra.ebi.ac.uk:/vol1/fastq/ERR261/004/ERR2619714/ERR2619714_1.fastq.gz;fasp.sra.ebi.ac.uk:/vol1/fastq/ERR261/004/ERR2619714/ERR2619714_2.fastq.gz"
"ERX2637412","data/fastq/ERX2637412_ERR2619715_1.fastq.gz","data/fastq/ERX2637412_ERR2619715_2.fastq.gz","ERR2619715","ERX2637412","SAMEA4719768","ERS2539912","PRJEB27005","ERP109040","ERA1516435","ena-RUN-ALFRED WEGENER INSTITUTE FOR POLAR AND MARINE RESE-08-06-2018-18:06:56:829-9","ena-EXPERIMENT-ALFRED WEGENER INSTITUTE FOR POLAR AND MARINE RESE-08-06-2018-18:06:56:829-9","BAB16","ena-STUDY-ALFRED WEGENER INSTITUTE FOR POLAR AND MARINE RESE-29-05-2018-10:54:56:321-935","PAIRED","RANDOM","METAGENOMIC","WGS","BAB16a","Illumina HiSeq 2000","ILLUMINA","4593944802","22742301","408170","human gut metagenome","Cam2013_BAB16","Illumina HiSeq 2000 paired end sequencing","Gut metagenomes of rural populations in Cameroon","Faecal metagenome of a 73 old female from Bandevouri, Cameroon","a4b66ce2ecf78158019436e5cd20c400;f1b3701477d1dd98aa286f83b7bbba06","2126501970;2115337615","ftp.sra.ebi.ac.uk/vol1/fastq/ERR261/005/ERR2619715/ERR2619715_1.fastq.gz;ftp.sra.ebi.ac.uk/vol1/fastq/ERR261/005/ERR2619715/ERR2619715_2.fastq.gz","ftp.sra.ebi.ac.uk/vol1/fastq/ERR261/005/ERR2619715/ERR2619715_1.fastq.gz;ftp.sra.ebi.ac.uk/vol1/fastq/ERR261/005/ERR2619715/ERR2619715_2.fastq.gz","fasp.sra.ebi.ac.uk:/vol1/fastq/ERR261/005/ERR2619715/ERR2619715_1.fastq.gz;fasp.sra.ebi.ac.uk:/vol1/fastq/ERR261/005/ERR2619715/ERR2619715_2.fastq.gz"
"ERX2637413","data/fastq/ERX2637413_ERR2619716_1.fastq.gz","data/fastq/ERX2637413_ERR2619716_2.fastq.gz","ERR2619716","ERX2637413","SAMEA4719769","ERS2539913","PRJEB27005","ERP109040","ERA1516435","ena-RUN-ALFRED WEGENER INSTITUTE FOR POLAR AND MARINE RESE-08-06-2018-18:06:56:829-10","ena-EXPERIMENT-ALFRED WEGENER INSTITUTE FOR POLAR AND MARINE RESE-08-06-2018-18:06:56:829-10","BAB18","ena-STUDY-ALFRED WEGENER INSTITUTE FOR POLAR AND MARINE RESE-29-05-2018-10:54:56:321-935","PAIRED","RANDOM","METAGENOMIC","WGS","BAB18a","Illumina HiSeq 2000","ILLUMINA","4771286662","23620231","408170","human gut metagenome","Cam2013_BAB18","Illumina HiSeq 2000 paired end sequencing","Gut metagenomes of rural populations in Cameroon","Faecal metagenome of a 31 old female from Bandevouri, Cameroon","adb54336e29c39fbe4ee265f7c3d44eb;70e171a7c6b34e2e5889aafce9b00b55","2221564368;2211589927","ftp.sra.ebi.ac.uk/vol1/fastq/ERR261/006/ERR2619716/ERR2619716_1.fastq.gz;ftp.sra.ebi.ac.uk/vol1/fastq/ERR261/006/ERR2619716/ERR2619716_2.fastq.gz","ftp.sra.ebi.ac.uk/vol1/fastq/ERR261/006/ERR2619716/ERR2619716_1.fastq.gz;ftp.sra.ebi.ac.uk/vol1/fastq/ERR261/006/ERR2619716/ERR2619716_2.fastq.gz","fasp.sra.ebi.ac.uk:/vol1/fastq/ERR261/006/ERR2619716/ERR2619716_1.fastq.gz;fasp.sra.ebi.ac.uk:/vol1/fastq/ERR261/006/ERR2619716/ERR2619716_2.fastq.gz"
"ERX2637414","data/fastq/ERX2637414_ERR2619717_1.fastq.gz","data/fastq/ERX2637414_ERR2619717_2.fastq.gz","ERR2619717","ERX2637414","SAMEA4719770","ERS2539914","PRJEB27005","ERP109040","ERA1516435","ena-RUN-ALFRED WEGENER INSTITUTE FOR POLAR AND MARINE RESE-08-06-2018-18:06:56:829-11","ena-EXPERIMENT-ALFRED WEGENER INSTITUTE FOR POLAR AND MARINE RESE-08-06-2018-18:06:56:829-11","BAB19","ena-STUDY-ALFRED WEGENER INSTITUTE FOR POLAR AND MARINE RESE-29-05-2018-10:54:56:321-935","PAIRED","RANDOM","METAGENOMIC","WGS","BAB19a","Illumina HiSeq 2000","ILLUMINA","6250184414","30941507","408170","human gut metagenome","Cam2013_BAB19","Illumina HiSeq 2000 paired end sequencing","Gut metagenomes of rural populations in Cameroon","Faecal metagenome of a 61 old male from Bandevouri, Cameroon","6b4663f8606927e07b1320d85512181b;732d373d93e133bce3df9874c7d0da43","2852003342;2834704246","ftp.sra.ebi.ac.uk/vol1/fastq/ERR261/007/ERR2619717/ERR2619717_1.fastq.gz;ftp.sra.ebi.ac.uk/vol1/fastq/ERR261/007/ERR2619717/ERR2619717_2.fastq.gz","ftp.sra.ebi.ac.uk/vol1/fastq/ERR261/007/ERR2619717/ERR2619717_1.fastq.gz;ftp.sra.ebi.ac.uk/vol1/fastq/ERR261/007/ERR2619717/ERR2619717_2.fastq.gz","fasp.sra.ebi.ac.uk:/vol1/fastq/ERR261/007/ERR2619717/ERR2619717_1.fastq.gz;fasp.sra.ebi.ac.uk:/vol1/fastq/ERR261/007/ERR2619717/ERR2619717_2.fastq.gz"
"ERX2637415","data/fastq/ERX2637415_ERR2619718_1.fastq.gz","data/fastq/ERX2637415_ERR2619718_2.fastq.gz","ERR2619718","ERX2637415","SAMEA4719771","ERS2539915","PRJEB27005","ERP109040","ERA1516435","ena-RUN-ALFRED WEGENER INSTITUTE FOR POLAR AND MARINE RESE-08-06-2018-18:06:56:829-12","ena-EXPERIMENT-ALFRED WEGENER INSTITUTE FOR POLAR AND MARINE RESE-08-06-2018-18:06:56:829-12","BAB20","ena-STUDY-ALFRED WEGENER INSTITUTE FOR POLAR AND MARINE RESE-29-05-2018-10:54:56:321-935","PAIRED","RANDOM","METAGENOMIC","WGS","BAB20a","Illumina HiSeq 2000","ILLUMINA","5837341056","28897728","408170","human gut metagenome","Cam2013_BAB20","Illumina HiSeq 2000 paired end sequencing","Gut metagenomes of rural populations in Cameroon","Faecal metagenome of a 30 old male from Makouvé, Cameroon","62e456524a9da0cde2c957254b1a7b0d;872f9bded8e25939a99064e386dd4b53","2685260462;2652431030","ftp.sra.ebi.ac.uk/vol1/fastq/ERR261/008/ERR2619718/ERR2619718_1.fastq.gz;ftp.sra.ebi.ac.uk/vol1/fastq/ERR261/008/ERR2619718/ERR2619718_2.fastq.gz","ftp.sra.ebi.ac.uk/vol1/fastq/ERR261/008/ERR2619718/ERR2619718_1.fastq.gz;ftp.sra.ebi.ac.uk/vol1/fastq/ERR261/008/ERR2619718/ERR2619718_2.fastq.gz","fasp.sra.ebi.ac.uk:/vol1/fastq/ERR261/008/ERR2619718/ERR2619718_1.fastq.gz;fasp.sra.ebi.ac.uk:/vol1/fastq/ERR261/008/ERR2619718/ERR2619718_2.fastq.gz"
"ERX2637416","data/fastq/ERX2637416_ERR2619719_1.fastq.gz","data/fastq/ERX2637416_ERR2619719_2.fastq.gz","ERR2619719","ERX2637416","SAMEA4719772","ERS2539916","PRJEB27005","ERP109040","ERA1516435","ena-RUN-ALFRED WEGENER INSTITUTE FOR POLAR AND MARINE RESE-08-06-2018-18:06:56:829-13","ena-EXPERIMENT-ALFRED WEGENER INSTITUTE FOR POLAR AND MARINE RESE-08-06-2018-18:06:56:829-13","BAB22","ena-STUDY-ALFRED WEGENER INSTITUTE FOR POLAR AND MARINE RESE-29-05-2018-10:54:56:321-935","PAIRED","RANDOM","METAGENOMIC","WGS","BAB22a","Illumina HiSeq 2000","ILLUMINA","5232948168","25905684","408170","human gut metagenome","Cam2013_BAB22","Illumina HiSeq 2000 paired end sequencing","Gut metagenomes of rural populations in Cameroon","Faecal metagenome of a 27 old female from Makouvé, Cameroon","c0e31bcbfbcb10b2096fe7ebd8bec575;b64570658cb2c6e030318328ab9956cd","2383604842;2390563624","ftp.sra.ebi.ac.uk/vol1/fastq/ERR261/009/ERR2619719/ERR2619719_1.fastq.gz;ftp.sra.ebi.ac.uk/vol1/fastq/ERR261/009/ERR2619719/ERR2619719_2.fastq.gz","ftp.sra.ebi.ac.uk/vol1/fastq/ERR261/009/ERR2619719/ERR2619719_1.fastq.gz;ftp.sra.ebi.ac.uk/vol1/fastq/ERR261/009/ERR2619719/ERR2619719_2.fastq.gz","fasp.sra.ebi.ac.uk:/vol1/fastq/ERR261/009/ERR2619719/ERR2619719_1.fastq.gz;fasp.sra.ebi.ac.uk:/vol1/fastq/ERR261/009/ERR2619719/ERR2619719_2.fastq.gz"
"ERX2637417","data/fastq/ERX2637417_ERR2619720_1.fastq.gz","data/fastq/ERX2637417_ERR2619720_2.fastq.gz","ERR2619720","ERX2637417","SAMEA4719773","ERS2539917","PRJEB27005","ERP109040","ERA1516435","ena-RUN-ALFRED WEGENER INSTITUTE FOR POLAR AND MARINE RESE-08-06-2018-18:06:56:829-14","ena-EXPERIMENT-ALFRED WEGENER INSTITUTE FOR POLAR AND MARINE RESE-08-06-2018-18:06:56:829-14","BAB23","ena-STUDY-ALFRED WEGENER INSTITUTE FOR POLAR AND MARINE RESE-29-05-2018-10:54:56:321-935","PAIRED","RANDOM","METAGENOMIC","WGS","BAB23a","Illumina HiSeq 2000","ILLUMINA","5355149684","26510642","408170","human gut metagenome","Cam2013_BAB23","Illumina HiSeq 2000 paired end sequencing","Gut metagenomes of rural populations in Cameroon","Faecal metagenome of a 30 old female from Makouvé, Cameroon","1309ce7dd0cf5eb7201f6a6ac3791fe6;fca561cd04a413cb59685f5f002670b9","2458007437;2454686377","ftp.sra.ebi.ac.uk/vol1/fastq/ERR261/000/ERR2619720/ERR2619720_1.fastq.gz;ftp.sra.ebi.ac.uk/vol1/fastq/ERR261/000/ERR2619720/ERR2619720_2.fastq.gz","ftp.sra.ebi.ac.uk/vol1/fastq/ERR261/000/ERR2619720/ERR2619720_1.fastq.gz;ftp.sra.ebi.ac.uk/vol1/fastq/ERR261/000/ERR2619720/ERR2619720_2.fastq.gz","fasp.sra.ebi.ac.uk:/vol1/fastq/ERR261/000/ERR2619720/ERR2619720_1.fastq.gz;fasp.sra.ebi.ac.uk:/vol1/fastq/ERR261/000/ERR2619720/ERR2619720_2.fastq.gz"
"ERX2637418","data/fastq/ERX2637418_ERR2619721_1.fastq.gz","data/fastq/ERX2637418_ERR2619721_2.fastq.gz","ERR2619721","ERX2637418","SAMEA4719774","ERS2539918","PRJEB27005","ERP109040","ERA1516435","ena-RUN-ALFRED WEGENER INSTITUTE FOR POLAR AND MARINE RESE-08-06-2018-18:06:56:829-15","ena-EXPERIMENT-ALFRED WEGENER INSTITUTE FOR POLAR AND MARINE RESE-08-06-2018-18:06:56:829-15","BAB29","ena-STUDY-ALFRED WEGENER INSTITUTE FOR POLAR AND MARINE RESE-29-05-2018-10:54:56:321-935","PAIRED","RANDOM","METAGENOMIC","WGS","BAB29a","Illumina HiSeq 2000","ILLUMINA","5010675246","24805323","408170","human gut metagenome","Cam2013_BAB29","Illumina HiSeq 2000 paired end sequencing","Gut metagenomes of rural populations in Cameroon","Faecal metagenome of a 67 old female from Ndtoua, Cameroon","1409943a7b7bb032cbe0f9feb472a8b0;eac1c117e7b6fb661953b5f734a174fa","2297723542;2301695339","ftp.sra.ebi.ac.uk/vol1/fastq/ERR261/001/ERR2619721/ERR2619721_1.fastq.gz;ftp.sra.ebi.ac.uk/vol1/fastq/ERR261/001/ERR2619721/ERR2619721_2.fastq.gz","ftp.sra.ebi.ac.uk/vol1/fastq/ERR261/001/ERR2619721/ERR2619721_1.fastq.gz;ftp.sra.ebi.ac.uk/vol1/fastq/ERR261/001/ERR2619721/ERR2619721_2.fastq.gz","fasp.sra.ebi.ac.uk:/vol1/fastq/ERR261/001/ERR2619721/ERR2619721_1.fastq.gz;fasp.sra.ebi.ac.uk:/vol1/fastq/ERR261/001/ERR2619721/ERR2619721_2.fastq.gz"
"ERX2637419","data/fastq/ERX2637419_ERR2619722_1.fastq.gz","data/fastq/ERX2637419_ERR2619722_2.fastq.gz","ERR2619722","ERX2637419","SAMEA4719775","ERS2539919","PRJEB27005","ERP109040","ERA1516435","ena-RUN-ALFRED WEGENER INSTITUTE FOR POLAR AND MARINE RESE-08-06-2018-18:06:56:829-16","ena-EXPERIMENT-ALFRED WEGENER INSTITUTE FOR POLAR AND MARINE RESE-08-06-2018-18:06:56:829-16","BAB30","ena-STUDY-ALFRED WEGENER INSTITUTE FOR POLAR AND MARINE RESE-29-05-2018-10:54:56:321-935","PAIRED","RANDOM","METAGENOMIC","WGS","BAB30a","Illumina HiSeq 2000","ILLUMINA","3590481926","17774663","408170","human gut metagenome","Cam2013_BAB30","Illumina HiSeq 2000 paired end sequencing","Gut metagenomes of rural populations in Cameroon","Faecal metagenome of a 49 old male from Ndtoua, Cameroon","219acf7e593091b091bc24d78247c191;c50ae0f9e3bc139ef1146eba68e41efc","1688267844;1675628183","ftp.sra.ebi.ac.uk/vol1/fastq/ERR261/002/ERR2619722/ERR2619722_1.fastq.gz;ftp.sra.ebi.ac.uk/vol1/fastq/ERR261/002/ERR2619722/ERR2619722_2.fastq.gz","ftp.sra.ebi.ac.uk/vol1/fastq/ERR261/002/ERR2619722/ERR2619722_1.fastq.gz;ftp.sra.ebi.ac.uk/vol1/fastq/ERR261/002/ERR2619722/ERR2619722_2.fastq.gz","fasp.sra.ebi.ac.uk:/vol1/fastq/ERR261/002/ERR2619722/ERR2619722_1.fastq.gz;fasp.sra.ebi.ac.uk:/vol1/fastq/ERR261/002/ERR2619722/ERR2619722_2.fastq.gz"
"ERX2637420","data/fastq/ERX2637420_ERR2619723_1.fastq.gz","data/fastq/ERX2637420_ERR2619723_2.fastq.gz","ERR2619723","ERX2637420","SAMEA4719776","ERS2539920","PRJEB27005","ERP109040","ERA1516435","ena-RUN-ALFRED WEGENER INSTITUTE FOR POLAR AND MARINE RESE-08-06-2018-18:06:56:829-17","ena-EXPERIMENT-ALFRED WEGENER INSTITUTE FOR POLAR AND MARINE RESE-08-06-2018-18:06:56:829-17","BAN01","ena-STUDY-ALFRED WEGENER INSTITUTE FOR POLAR AND MARINE RESE-29-05-2018-10:54:56:321-935","PAIRED","RANDOM","METAGENOMIC","WGS","BAN01a","Illumina HiSeq 2000","ILLUMINA","3901786348","19315774","408170","human gut metagenome","Cam2013_BAN01","Illumina HiSeq 2000 paired end sequencing","Gut metagenomes of rural populations in Cameroon","Faecal metagenome of a 62 old male from Bandevouri, Cameroon","80b12eee188dc66e8e2bf1c2c078912a;3f2984e8133a9e5e83d45873d1860fdb","1837558146;1823989970","ftp.sra.ebi.ac.uk/vol1/fastq/ERR261/003/ERR2619723/ERR2619723_1.fastq.gz;ftp.sra.ebi.ac.uk/vol1/fastq/ERR261/003/ERR2619723/ERR2619723_2.fastq.gz","ftp.sra.ebi.ac.uk/vol1/fastq/ERR261/003/ERR2619723/ERR2619723_1.fastq.gz;ftp.sra.ebi.ac.uk/vol1/fastq/ERR261/003/ERR2619723/ERR2619723_2.fastq.gz","fasp.sra.ebi.ac.uk:/vol1/fastq/ERR261/003/ERR2619723/ERR2619723_1.fastq.gz;fasp.sra.ebi.ac.uk:/vol1/fastq/ERR261/003/ERR2619723/ERR2619723_2.fastq.gz"
"ERX2637421","data/fastq/ERX2637421_ERR2619724_1.fastq.gz","data/fastq/ERX2637421_ERR2619724_2.fastq.gz","ERR2619724","ERX2637421","SAMEA4719777","ERS2539921","PRJEB27005","ERP109040","ERA1516435","ena-RUN-ALFRED WEGENER INSTITUTE FOR POLAR AND MARINE RESE-08-06-2018-18:06:56:829-18","ena-EXPERIMENT-ALFRED WEGENER INSTITUTE FOR POLAR AND MARINE RESE-08-06-2018-18:06:56:829-18","BAN02","ena-STUDY-ALFRED WEGENER INSTITUTE FOR POLAR AND MARINE RESE-29-05-2018-10:54:56:321-935","PAIRED","RANDOM","METAGENOMIC","WGS","BAN02a","Illumina HiSeq 2000","ILLUMINA","4385094174","21708387","408170","human gut metagenome","Cam2013_BAN02","Illumina HiSeq 2000 paired end sequencing","Gut metagenomes of rural populations in Cameroon","Faecal metagenome of a 65 old male from Bandevouri, Cameroon","083f6dd46bab9896a6cd938fab621907;70ef5d2d0774d47a0adfa82d14bb3f58","2063436004;2045642228","ftp.sra.ebi.ac.uk/vol1/fastq/ERR261/004/ERR2619724/ERR2619724_1.fastq.gz;ftp.sra.ebi.ac.uk/vol1/fastq/ERR261/004/ERR2619724/ERR2619724_2.fastq.gz","ftp.sra.ebi.ac.uk/vol1/fastq/ERR261/004/ERR2619724/ERR2619724_1.fastq.gz;ftp.sra.ebi.ac.uk/vol1/fastq/ERR261/004/ERR2619724/ERR2619724_2.fastq.gz","fasp.sra.ebi.ac.uk:/vol1/fastq/ERR261/004/ERR2619724/ERR2619724_1.fastq.gz;fasp.sra.ebi.ac.uk:/vol1/fastq/ERR261/004/ERR2619724/ERR2619724_2.fastq.gz"
"ERX2637422","data/fastq/ERX2637422_ERR2619725_1.fastq.gz","data/fastq/ERX2637422_ERR2619725_2.fastq.gz","ERR2619725","ERX2637422","SAMEA4719778","ERS2539922","PRJEB27005","ERP109040","ERA1516435","ena-RUN-ALFRED WEGENER INSTITUTE FOR POLAR AND MARINE RESE-08-06-2018-18:06:56:829-19","ena-EXPERIMENT-ALFRED WEGENER INSTITUTE FOR POLAR AND MARINE RESE-08-06-2018-18:06:56:829-19","BAN03","ena-STUDY-ALFRED WEGENER INSTITUTE FOR POLAR AND MARINE RESE-29-05-2018-10:54:56:321-935","PAIRED","RANDOM","METAGENOMIC","WGS","BAN03a","Illumina HiSeq 2000","ILLUMINA","6888861550","34103275","408170","human gut metagenome","Cam2013_BAN03","Illumina HiSeq 2000 paired end sequencing","Gut metagenomes of rural populations in Cameroon","Faecal metagenome of a 58 old male from Bandevouri, Cameroon","db6ad26022e018181382dc9484b8e9ac;3829dd427fe4d8ff895ae35289863319","3191406756;3164058177","ftp.sra.ebi.ac.uk/vol1/fastq/ERR261/005/ERR2619725/ERR2619725_1.fastq.gz;ftp.sra.ebi.ac.uk/vol1/fastq/ERR261/005/ERR2619725/ERR2619725_2.fastq.gz","ftp.sra.ebi.ac.uk/vol1/fastq/ERR261/005/ERR2619725/ERR2619725_1.fastq.gz;ftp.sra.ebi.ac.uk/vol1/fastq/ERR261/005/ERR2619725/ERR2619725_2.fastq.gz","fasp.sra.ebi.ac.uk:/vol1/fastq/ERR261/005/ERR2619725/ERR2619725_1.fastq.gz;fasp.sra.ebi.ac.uk:/vol1/fastq/ERR261/005/ERR2619725/ERR2619725_2.fastq.gz"
"ERX2637423","data/fastq/ERX2637423_ERR2619726_1.fastq.gz","data/fastq/ERX2637423_ERR2619726_2.fastq.gz","ERR2619726","ERX2637423","SAMEA4719779","ERS2539923","PRJEB27005","ERP109040","ERA1516435","ena-RUN-ALFRED WEGENER INSTITUTE FOR POLAR AND MARINE RESE-08-06-2018-18:06:56:829-20","ena-EXPERIMENT-ALFRED WEGENER INSTITUTE FOR POLAR AND MARINE RESE-08-06-2018-18:06:56:829-20","BAN05","ena-STUDY-ALFRED WEGENER INSTITUTE FOR POLAR AND MARINE RESE-29-05-2018-10:54:56:321-935","PAIRED","RANDOM","METAGENOMIC","WGS","BAN05a","Illumina HiSeq 2000","ILLUMINA","5567950018","27564109","408170","human gut metagenome","Cam2013_BAN05","Illumina HiSeq 2000 paired end sequencing","Gut metagenomes of rural populations in Cameroon","Faecal metagenome of a 78 old male from Bandevouri, Cameroon","0c01864b2559fb1e10f069758109ea8c;7f8c870931bf37064ecce268f2f40501","2598692693;2563821437","ftp.sra.ebi.ac.uk/vol1/fastq/ERR261/006/ERR2619726/ERR2619726_1.fastq.gz;ftp.sra.ebi.ac.uk/vol1/fastq/ERR261/006/ERR2619726/ERR2619726_2.fastq.gz","ftp.sra.ebi.ac.uk/vol1/fastq/ERR261/006/ERR2619726/ERR2619726_1.fastq.gz;ftp.sra.ebi.ac.uk/vol1/fastq/ERR261/006/ERR2619726/ERR2619726_2.fastq.gz","fasp.sra.ebi.ac.uk:/vol1/fastq/ERR261/006/ERR2619726/ERR2619726_1.fastq.gz;fasp.sra.ebi.ac.uk:/vol1/fastq/ERR261/006/ERR2619726/ERR2619726_2.fastq.gz"
"ERX2637424","data/fastq/ERX2637424_ERR2619727_1.fastq.gz","data/fastq/ERX2637424_ERR2619727_2.fastq.gz","ERR2619727","ERX2637424","SAMEA4719780","ERS2539924","PRJEB27005","ERP109040","ERA1516435","ena-RUN-ALFRED WEGENER INSTITUTE FOR POLAR AND MARINE RESE-08-06-2018-18:06:56:829-21","ena-EXPERIMENT-ALFRED WEGENER INSTITUTE FOR POLAR AND MARINE RESE-08-06-2018-18:06:56:829-21","BAN07","ena-STUDY-ALFRED WEGENER INSTITUTE FOR POLAR AND MARINE RESE-29-05-2018-10:54:56:321-935","PAIRED","RANDOM","METAGENOMIC","WGS","BAN07a","Illumina HiSeq 2000","ILLUMINA","6043212184","29916892","408170","human gut metagenome","Cam2013_BAN07","Illumina HiSeq 2000 paired end sequencing","Gut metagenomes of rural populations in Cameroon","Faecal metagenome of a 56 old female from Bandevouri, Cameroon","58c609b7ede71a2c2959927718922f1f;87553e89ee19fd0c3ca3f0b83ae72c18","2768241152;2747237529","ftp.sra.ebi.ac.uk/vol1/fastq/ERR261/007/ERR2619727/ERR2619727_1.fastq.gz;ftp.sra.ebi.ac.uk/vol1/fastq/ERR261/007/ERR2619727/ERR2619727_2.fastq.gz","ftp.sra.ebi.ac.uk/vol1/fastq/ERR261/007/ERR2619727/ERR2619727_1.fastq.gz;ftp.sra.ebi.ac.uk/vol1/fastq/ERR261/007/ERR2619727/ERR2619727_2.fastq.gz","fasp.sra.ebi.ac.uk:/vol1/fastq/ERR261/007/ERR2619727/ERR2619727_1.fastq.gz;fasp.sra.ebi.ac.uk:/vol1/fastq/ERR261/007/ERR2619727/ERR2619727_2.fastq.gz"
"ERX2637425","data/fastq/ERX2637425_ERR2619728_1.fastq.gz","data/fastq/ERX2637425_ERR2619728_2.fastq.gz","ERR2619728","ERX2637425","SAMEA4719781","ERS2539925","PRJEB27005","ERP109040","ERA1516435","ena-RUN-ALFRED WEGENER INSTITUTE FOR POLAR AND MARINE RESE-08-06-2018-18:06:56:829-22","ena-EXPERIMENT-ALFRED WEGENER INSTITUTE FOR POLAR AND MARINE RESE-08-06-2018-18:06:56:829-22","MVC01","ena-STUDY-ALFRED WEGENER INSTITUTE FOR POLAR AND MARINE RESE-29-05-2018-10:54:56:321-935","PAIRED","RANDOM","METAGENOMIC","WGS","MVC01a","Illumina HiSeq 2000","ILLUMINA","8229404856","40739628","408170","human gut metagenome","Cam2013_MVC01","Illumina HiSeq 2000 paired end sequencing","Gut metagenomes of rural populations in Cameroon","Faecal metagenome of a 36 old male from Afan Essokié, Cameroon","5601a8923a23b4629eba715a04e2f98a;001442afa9cb0af027bc536dc1448dc1","3730416953;3670585566","ftp.sra.ebi.ac.uk/vol1/fastq/ERR261/008/ERR2619728/ERR2619728_1.fastq.gz;ftp.sra.ebi.ac.uk/vol1/fastq/ERR261/008/ERR2619728/ERR2619728_2.fastq.gz","ftp.sra.ebi.ac.uk/vol1/fastq/ERR261/008/ERR2619728/ERR2619728_1.fastq.gz;ftp.sra.ebi.ac.uk/vol1/fastq/ERR261/008/ERR2619728/ERR2619728_2.fastq.gz","fasp.sra.ebi.ac.uk:/vol1/fastq/ERR261/008/ERR2619728/ERR2619728_1.fastq.gz;fasp.sra.ebi.ac.uk:/vol1/fastq/ERR261/008/ERR2619728/ERR2619728_2.fastq.gz"
"ERX2637426","data/fastq/ERX2637426_ERR2619729_1.fastq.gz","data/fastq/ERX2637426_ERR2619729_2.fastq.gz","ERR2619729","ERX2637426","SAMEA4719782","ERS2539926","PRJEB27005","ERP109040","ERA1516435","ena-RUN-ALFRED WEGENER INSTITUTE FOR POLAR AND MARINE RESE-08-06-2018-18:06:56:829-23","ena-EXPERIMENT-ALFRED WEGENER INSTITUTE FOR POLAR AND MARINE RESE-08-06-2018-18:06:56:829-23","MVC03","ena-STUDY-ALFRED WEGENER INSTITUTE FOR POLAR AND MARINE RESE-29-05-2018-10:54:56:321-935","PAIRED","RANDOM","METAGENOMIC","WGS","MVC03a","Illumina HiSeq 2000","ILLUMINA","5216395884","25823742","408170","human gut metagenome","Cam2013_MVC03","Illumina HiSeq 2000 paired end sequencing","Gut metagenomes of rural populations in Cameroon","Faecal metagenome of a 57 old male from Afan Essokié, Cameroon","a3e1b1f34f1a281fe3370ec0b198e2dc;794fe885af165a728703b5056c05cebd","2409583770;2386109997","ftp.sra.ebi.ac.uk/vol1/fastq/ERR261/009/ERR2619729/ERR2619729_1.fastq.gz;ftp.sra.ebi.ac.uk/vol1/fastq/ERR261/009/ERR2619729/ERR2619729_2.fastq.gz","ftp.sra.ebi.ac.uk/vol1/fastq/ERR261/009/ERR2619729/ERR2619729_1.fastq.gz;ftp.sra.ebi.ac.uk/vol1/fastq/ERR261/009/ERR2619729/ERR2619729_2.fastq.gz","fasp.sra.ebi.ac.uk:/vol1/fastq/ERR261/009/ERR2619729/ERR2619729_1.fastq.gz;fasp.sra.ebi.ac.uk:/vol1/fastq/ERR261/009/ERR2619729/ERR2619729_2.fastq.gz"
"ERX2637427","data/fastq/ERX2637427_ERR2619730_1.fastq.gz","data/fastq/ERX2637427_ERR2619730_2.fastq.gz","ERR2619730","ERX2637427","SAMEA4719783","ERS2539927","PRJEB27005","ERP109040","ERA1516435","ena-RUN-ALFRED WEGENER INSTITUTE FOR POLAR AND MARINE RESE-08-06-2018-18:06:56:829-24","ena-EXPERIMENT-ALFRED WEGENER INSTITUTE FOR POLAR AND MARINE RESE-08-06-2018-18:06:56:829-24","MVC04","ena-STUDY-ALFRED WEGENER INSTITUTE FOR POLAR AND MARINE RESE-29-05-2018-10:54:56:321-935","PAIRED","RANDOM","METAGENOMIC","WGS","MVC04a","Illumina HiSeq 2000","ILLUMINA","5977657124","29592362","408170","human gut metagenome","Cam2013_MVC04","Illumina HiSeq 2000 paired end sequencing","Gut metagenomes of rural populations in Cameroon","Faecal metagenome of a 75 old male from Afan Essokié, Cameroon","7448a207f4dc0c40c6b9160f48991848;95de08a8ef0a02c8386554500aa5bd20","2741318035;2706123683","ftp.sra.ebi.ac.uk/vol1/fastq/ERR261/000/ERR2619730/ERR2619730_1.fastq.gz;ftp.sra.ebi.ac.uk/vol1/fastq/ERR261/000/ERR2619730/ERR2619730_2.fastq.gz","ftp.sra.ebi.ac.uk/vol1/fastq/ERR261/000/ERR2619730/ERR2619730_1.fastq.gz;ftp.sra.ebi.ac.uk/vol1/fastq/ERR261/000/ERR2619730/ERR2619730_2.fastq.gz","fasp.sra.ebi.ac.uk:/vol1/fastq/ERR261/000/ERR2619730/ERR2619730_1.fastq.gz;fasp.sra.ebi.ac.uk:/vol1/fastq/ERR261/000/ERR2619730/ERR2619730_2.fastq.gz"
"ERX2637428","data/fastq/ERX2637428_ERR2619731_1.fastq.gz","data/fastq/ERX2637428_ERR2619731_2.fastq.gz","ERR2619731","ERX2637428","SAMEA4719784","ERS2539928","PRJEB27005","ERP109040","ERA1516435","ena-RUN-ALFRED WEGENER INSTITUTE FOR POLAR AND MARINE RESE-08-06-2018-18:06:56:829-25","ena-EXPERIMENT-ALFRED WEGENER INSTITUTE FOR POLAR AND MARINE RESE-08-06-2018-18:06:56:829-25","MVC05","ena-STUDY-ALFRED WEGENER INSTITUTE FOR POLAR AND MARINE RESE-29-05-2018-10:54:56:321-935","PAIRED","RANDOM","METAGENOMIC","WGS","MVC05a","Illumina HiSeq 2000","ILLUMINA","6649217032","32916916","408170","human gut metagenome","Cam2013_MVC05","Illumina HiSeq 2000 paired end sequencing","Gut metagenomes of rural populations in Cameroon","Faecal metagenome of a 54 old male from Afan Essokié, Cameroon","4e7b34456d258065316df10990630e63;367ec52df2ded073d73d92af983968eb","3021653352;2992853252","ftp.sra.ebi.ac.uk/vol1/fastq/ERR261/001/ERR2619731/ERR2619731_1.fastq.gz;ftp.sra.ebi.ac.uk/vol1/fastq/ERR261/001/ERR2619731/ERR2619731_2.fastq.gz","ftp.sra.ebi.ac.uk/vol1/fastq/ERR261/001/ERR2619731/ERR2619731_1.fastq.gz;ftp.sra.ebi.ac.uk/vol1/fastq/ERR261/001/ERR2619731/ERR2619731_2.fastq.gz","fasp.sra.ebi.ac.uk:/vol1/fastq/ERR261/001/ERR2619731/ERR2619731_1.fastq.gz;fasp.sra.ebi.ac.uk:/vol1/fastq/ERR261/001/ERR2619731/ERR2619731_2.fastq.gz"
"ERX2637429","data/fastq/ERX2637429_ERR2619732_1.fastq.gz","data/fastq/ERX2637429_ERR2619732_2.fastq.gz","ERR2619732","ERX2637429","SAMEA4719785","ERS2539929","PRJEB27005","ERP109040","ERA1516435","ena-RUN-ALFRED WEGENER INSTITUTE FOR POLAR AND MARINE RESE-08-06-2018-18:06:56:829-26","ena-EXPERIMENT-ALFRED WEGENER INSTITUTE FOR POLAR AND MARINE RESE-08-06-2018-18:06:56:829-26","MVC06","ena-STUDY-ALFRED WEGENER INSTITUTE FOR POLAR AND MARINE RESE-29-05-2018-10:54:56:321-935","PAIRED","RANDOM","METAGENOMIC","WGS","MVC06a","Illumina HiSeq 2000","ILLUMINA","5173533908","25611554","408170","human gut metagenome","Cam2013_MVC06","Illumina HiSeq 2000 paired end sequencing","Gut metagenomes of rural populations in Cameroon","Faecal metagenome of a 29 old male from Afan Essokié, Cameroon","29e86eef1086b753def3e11a034e8261;23bbb5f9d0b295601dd67f360e3c5a7d","2387370653;2363749380","ftp.sra.ebi.ac.uk/vol1/fastq/ERR261/002/ERR2619732/ERR2619732_1.fastq.gz;ftp.sra.ebi.ac.uk/vol1/fastq/ERR261/002/ERR2619732/ERR2619732_2.fastq.gz","ftp.sra.ebi.ac.uk/vol1/fastq/ERR261/002/ERR2619732/ERR2619732_1.fastq.gz;ftp.sra.ebi.ac.uk/vol1/fastq/ERR261/002/ERR2619732/ERR2619732_2.fastq.gz","fasp.sra.ebi.ac.uk:/vol1/fastq/ERR261/002/ERR2619732/ERR2619732_1.fastq.gz;fasp.sra.ebi.ac.uk:/vol1/fastq/ERR261/002/ERR2619732/ERR2619732_2.fastq.gz"
"ERX2637430","data/fastq/ERX2637430_ERR2619733_1.fastq.gz","data/fastq/ERX2637430_ERR2619733_2.fastq.gz","ERR2619733","ERX2637430","SAMEA4719786","ERS2539930","PRJEB27005","ERP109040","ERA1516435","ena-RUN-ALFRED WEGENER INSTITUTE FOR POLAR AND MARINE RESE-08-06-2018-18:06:56:829-27","ena-EXPERIMENT-ALFRED WEGENER INSTITUTE FOR POLAR AND MARINE RESE-08-06-2018-18:06:56:829-27","MVC08","ena-STUDY-ALFRED WEGENER INSTITUTE FOR POLAR AND MARINE RESE-29-05-2018-10:54:56:321-935","PAIRED","RANDOM","METAGENOMIC","WGS","MVC08a","Illumina HiSeq 2000","ILLUMINA","4647392790","23006895","408170","human gut metagenome","Cam2013_MVC08","Illumina HiSeq 2000 paired end sequencing","Gut metagenomes of rural populations in Cameroon","Faecal metagenome of a 48 old male from Afan Essokié, Cameroon","56932d3cee47270a38e4e6e467c563f1;8ef478fdc6277c557a476e48e37052ba","2155142524;2132320335","ftp.sra.ebi.ac.uk/vol1/fastq/ERR261/003/ERR2619733/ERR2619733_1.fastq.gz;ftp.sra.ebi.ac.uk/vol1/fastq/ERR261/003/ERR2619733/ERR2619733_2.fastq.gz","ftp.sra.ebi.ac.uk/vol1/fastq/ERR261/003/ERR2619733/ERR2619733_1.fastq.gz;ftp.sra.ebi.ac.uk/vol1/fastq/ERR261/003/ERR2619733/ERR2619733_2.fastq.gz","fasp.sra.ebi.ac.uk:/vol1/fastq/ERR261/003/ERR2619733/ERR2619733_1.fastq.gz;fasp.sra.ebi.ac.uk:/vol1/fastq/ERR261/003/ERR2619733/ERR2619733_2.fastq.gz"
"ERX2637431","data/fastq/ERX2637431_ERR2619734_1.fastq.gz","data/fastq/ERX2637431_ERR2619734_2.fastq.gz","ERR2619734","ERX2637431","SAMEA4719787","ERS2539931","PRJEB27005","ERP109040","ERA1516435","ena-RUN-ALFRED WEGENER INSTITUTE FOR POLAR AND MARINE RESE-08-06-2018-18:06:56:830-28","ena-EXPERIMENT-ALFRED WEGENER INSTITUTE FOR POLAR AND MARINE RESE-08-06-2018-18:06:56:830-28","MVC09","ena-STUDY-ALFRED WEGENER INSTITUTE FOR POLAR AND MARINE RESE-29-05-2018-10:54:56:321-935","PAIRED","RANDOM","METAGENOMIC","WGS","MVC09a","Illumina HiSeq 2000","ILLUMINA","5169561982","25591891","408170","human gut metagenome","Cam2013_MVC09","Illumina HiSeq 2000 paired end sequencing","Gut metagenomes of rural populations in Cameroon","Faecal metagenome of a 46 old female from Afan Essokié, Cameroon","c23075d8521461669b699de0616d6abe;40606856885aafe6bebe9a3d3717a342","2385808372;2363890477","ftp.sra.ebi.ac.uk/vol1/fastq/ERR261/004/ERR2619734/ERR2619734_1.fastq.gz;ftp.sra.ebi.ac.uk/vol1/fastq/ERR261/004/ERR2619734/ERR2619734_2.fastq.gz","ftp.sra.ebi.ac.uk/vol1/fastq/ERR261/004/ERR2619734/ERR2619734_1.fastq.gz;ftp.sra.ebi.ac.uk/vol1/fastq/ERR261/004/ERR2619734/ERR2619734_2.fastq.gz","fasp.sra.ebi.ac.uk:/vol1/fastq/ERR261/004/ERR2619734/ERR2619734_1.fastq.gz;fasp.sra.ebi.ac.uk:/vol1/fastq/ERR261/004/ERR2619734/ERR2619734_2.fastq.gz"
"ERX2637432","data/fastq/ERX2637432_ERR2619735_1.fastq.gz","data/fastq/ERX2637432_ERR2619735_2.fastq.gz","ERR2619735","ERX2637432","SAMEA4719788","ERS2539932","PRJEB27005","ERP109040","ERA1516435","ena-RUN-ALFRED WEGENER INSTITUTE FOR POLAR AND MARINE RESE-08-06-2018-18:06:56:830-29","ena-EXPERIMENT-ALFRED WEGENER INSTITUTE FOR POLAR AND MARINE RESE-08-06-2018-18:06:56:830-29","MVC11","ena-STUDY-ALFRED WEGENER INSTITUTE FOR POLAR AND MARINE RESE-29-05-2018-10:54:56:321-935","PAIRED","RANDOM","METAGENOMIC","WGS","MVC11a","Illumina HiSeq 2000","ILLUMINA","4449425922","22026861","408170","human gut metagenome","Cam2013_MVC11","Illumina HiSeq 2000 paired end sequencing","Gut metagenomes of rural populations in Cameroon","Faecal metagenome of a 26 old female from Afan Essokié, Cameroon","ec6b87287f3d1b0a2dd785e2cdff60f6;7177b0efc109915f7e35be0796667d05","2070551202;2047097388","ftp.sra.ebi.ac.uk/vol1/fastq/ERR261/005/ERR2619735/ERR2619735_1.fastq.gz;ftp.sra.ebi.ac.uk/vol1/fastq/ERR261/005/ERR2619735/ERR2619735_2.fastq.gz","ftp.sra.ebi.ac.uk/vol1/fastq/ERR261/005/ERR2619735/ERR2619735_1.fastq.gz;ftp.sra.ebi.ac.uk/vol1/fastq/ERR261/005/ERR2619735/ERR2619735_2.fastq.gz","fasp.sra.ebi.ac.uk:/vol1/fastq/ERR261/005/ERR2619735/ERR2619735_1.fastq.gz;fasp.sra.ebi.ac.uk:/vol1/fastq/ERR261/005/ERR2619735/ERR2619735_2.fastq.gz"
"ERX2637433","data/fastq/ERX2637433_ERR2619736_1.fastq.gz","data/fastq/ERX2637433_ERR2619736_2.fastq.gz","ERR2619736","ERX2637433","SAMEA4719789","ERS2539933","PRJEB27005","ERP109040","ERA1516435","ena-RUN-ALFRED WEGENER INSTITUTE FOR POLAR AND MARINE RESE-08-06-2018-18:06:56:830-30","ena-EXPERIMENT-ALFRED WEGENER INSTITUTE FOR POLAR AND MARINE RESE-08-06-2018-18:06:56:830-30","MVC12","ena-STUDY-ALFRED WEGENER INSTITUTE FOR POLAR AND MARINE RESE-29-05-2018-10:54:56:321-935","PAIRED","RANDOM","METAGENOMIC","WGS","MVC12a","Illumina HiSeq 2000","ILLUMINA","5338937164","26430382","408170","human gut metagenome","Cam2013_MVC12","Illumina HiSeq 2000 paired end sequencing","Gut metagenomes of rural populations in Cameroon","Faecal metagenome of a 63 old male from Afan Essokié, Cameroon","bee3ae4b9af679b90fb870a5422be456;0b66b6e97b3f776e749bc8bb037953ac","2443271845;2417302002","ftp.sra.ebi.ac.uk/vol1/fastq/ERR261/006/ERR2619736/ERR2619736_1.fastq.gz;ftp.sra.ebi.ac.uk/vol1/fastq/ERR261/006/ERR2619736/ERR2619736_2.fastq.gz","ftp.sra.ebi.ac.uk/vol1/fastq/ERR261/006/ERR2619736/ERR2619736_1.fastq.gz;ftp.sra.ebi.ac.uk/vol1/fastq/ERR261/006/ERR2619736/ERR2619736_2.fastq.gz","fasp.sra.ebi.ac.uk:/vol1/fastq/ERR261/006/ERR2619736/ERR2619736_1.fastq.gz;fasp.sra.ebi.ac.uk:/vol1/fastq/ERR261/006/ERR2619736/ERR2619736_2.fastq.gz"
"ERX2637434","data/fastq/ERX2637434_ERR2619737_1.fastq.gz","data/fastq/ERX2637434_ERR2619737_2.fastq.gz","ERR2619737","ERX2637434","SAMEA4719790","ERS2539934","PRJEB27005","ERP109040","ERA1516435","ena-RUN-ALFRED WEGENER INSTITUTE FOR POLAR AND MARINE RESE-08-06-2018-18:06:56:830-31","ena-EXPERIMENT-ALFRED WEGENER INSTITUTE FOR POLAR AND MARINE RESE-08-06-2018-18:06:56:830-31","MVC13","ena-STUDY-ALFRED WEGENER INSTITUTE FOR POLAR AND MARINE RESE-29-05-2018-10:54:56:321-935","PAIRED","RANDOM","METAGENOMIC","WGS","MVC13a","Illumina HiSeq 2000","ILLUMINA","5104200236","25268318","408170","human gut metagenome","Cam2013_MVC13","Illumina HiSeq 2000 paired end sequencing","Gut metagenomes of rural populations in Cameroon","Faecal metagenome of a 43 old female from Akak, Cameroon","a04ffe04f3346ebd5bd24f755345841b;70a2e7252406ae63899bdda74b6e9d17","2340926896;2313980557","ftp.sra.ebi.ac.uk/vol1/fastq/ERR261/007/ERR2619737/ERR2619737_1.fastq.gz;ftp.sra.ebi.ac.uk/vol1/fastq/ERR261/007/ERR2619737/ERR2619737_2.fastq.gz","ftp.sra.ebi.ac.uk/vol1/fastq/ERR261/007/ERR2619737/ERR2619737_1.fastq.gz;ftp.sra.ebi.ac.uk/vol1/fastq/ERR261/007/ERR2619737/ERR2619737_2.fastq.gz","fasp.sra.ebi.ac.uk:/vol1/fastq/ERR261/007/ERR2619737/ERR2619737_1.fastq.gz;fasp.sra.ebi.ac.uk:/vol1/fastq/ERR261/007/ERR2619737/ERR2619737_2.fastq.gz"
"ERX2637435","data/fastq/ERX2637435_ERR2619738_1.fastq.gz","data/fastq/ERX2637435_ERR2619738_2.fastq.gz","ERR2619738","ERX2637435","SAMEA4719791","ERS2539935","PRJEB27005","ERP109040","ERA1516435","ena-RUN-ALFRED WEGENER INSTITUTE FOR POLAR AND MARINE RESE-08-06-2018-18:06:56:830-32","ena-EXPERIMENT-ALFRED WEGENER INSTITUTE FOR POLAR AND MARINE RESE-08-06-2018-18:06:56:830-32","MVC14","ena-STUDY-ALFRED WEGENER INSTITUTE FOR POLAR AND MARINE RESE-29-05-2018-10:54:56:321-935","PAIRED","RANDOM","METAGENOMIC","WGS","MVC14a","Illumina HiSeq 2000","ILLUMINA","4047229176","20035788","408170","human gut metagenome","Cam2013_MVC14","Illumina HiSeq 2000 paired end sequencing","Gut metagenomes of rural populations in Cameroon","Faecal metagenome of a 68 old male from Akak, Cameroon","feb7a576a9e6c6854e55c7995325210e;6e659ab76c49194387deafacabd10278","1871781892;1853188253","ftp.sra.ebi.ac.uk/vol1/fastq/ERR261/008/ERR2619738/ERR2619738_1.fastq.gz;ftp.sra.ebi.ac.uk/vol1/fastq/ERR261/008/ERR2619738/ERR2619738_2.fastq.gz","ftp.sra.ebi.ac.uk/vol1/fastq/ERR261/008/ERR2619738/ERR2619738_1.fastq.gz;ftp.sra.ebi.ac.uk/vol1/fastq/ERR261/008/ERR2619738/ERR2619738_2.fastq.gz","fasp.sra.ebi.ac.uk:/vol1/fastq/ERR261/008/ERR2619738/ERR2619738_1.fastq.gz;fasp.sra.ebi.ac.uk:/vol1/fastq/ERR261/008/ERR2619738/ERR2619738_2.fastq.gz"
"ERX2637436","data/fastq/ERX2637436_ERR2619739_1.fastq.gz","data/fastq/ERX2637436_ERR2619739_2.fastq.gz","ERR2619739","ERX2637436","SAMEA4719792","ERS2539936","PRJEB27005","ERP109040","ERA1516435","ena-RUN-ALFRED WEGENER INSTITUTE FOR POLAR AND MARINE RESE-08-06-2018-18:06:56:830-33","ena-EXPERIMENT-ALFRED WEGENER INSTITUTE FOR POLAR AND MARINE RESE-08-06-2018-18:06:56:830-33","MVC15","ena-STUDY-ALFRED WEGENER INSTITUTE FOR POLAR AND MARINE RESE-29-05-2018-10:54:56:321-935","PAIRED","RANDOM","METAGENOMIC","WGS","MVC15a","Illumina HiSeq 2000","ILLUMINA","6195247080","30669540","408170","human gut metagenome","Cam2013_MVC15","Illumina HiSeq 2000 paired end sequencing","Gut metagenomes of rural populations in Cameroon","Faecal metagenome of a 52 old female from Akak, Cameroon","185b15cee488e89924b31759bceaad26;2daac70bb51d624d6482c65dfaf50c6e","2820280766;2791482163","ftp.sra.ebi.ac.uk/vol1/fastq/ERR261/009/ERR2619739/ERR2619739_1.fastq.gz;ftp.sra.ebi.ac.uk/vol1/fastq/ERR261/009/ERR2619739/ERR2619739_2.fastq.gz","ftp.sra.ebi.ac.uk/vol1/fastq/ERR261/009/ERR2619739/ERR2619739_1.fastq.gz;ftp.sra.ebi.ac.uk/vol1/fastq/ERR261/009/ERR2619739/ERR2619739_2.fastq.gz","fasp.sra.ebi.ac.uk:/vol1/fastq/ERR261/009/ERR2619739/ERR2619739_1.fastq.gz;fasp.sra.ebi.ac.uk:/vol1/fastq/ERR261/009/ERR2619739/ERR2619739_2.fastq.gz"
"ERX2637437","data/fastq/ERX2637437_ERR2619740_1.fastq.gz","data/fastq/ERX2637437_ERR2619740_2.fastq.gz","ERR2619740","ERX2637437","SAMEA4719793","ERS2539937","PRJEB27005","ERP109040","ERA1516435","ena-RUN-ALFRED WEGENER INSTITUTE FOR POLAR AND MARINE RESE-08-06-2018-18:06:56:830-34","ena-EXPERIMENT-ALFRED WEGENER INSTITUTE FOR POLAR AND MARINE RESE-08-06-2018-18:06:56:830-34","MVC16","ena-STUDY-ALFRED WEGENER INSTITUTE FOR POLAR AND MARINE RESE-29-05-2018-10:54:56:321-935","PAIRED","RANDOM","METAGENOMIC","WGS","MVC16a","Illumina HiSeq 2000","ILLUMINA","4928975134","24400867","408170","human gut metagenome","Cam2013_MVC16","Illumina HiSeq 2000 paired end sequencing","Gut metagenomes of rural populations in Cameroon","Faecal metagenome of a 61 old female from Akak, Cameroon","65c787ac0abc8868655dfd4cabe7214e;a76e31f0c41178fd3bd018fbd1c20736","2257439122;2228672292","ftp.sra.ebi.ac.uk/vol1/fastq/ERR261/000/ERR2619740/ERR2619740_1.fastq.gz;ftp.sra.ebi.ac.uk/vol1/fastq/ERR261/000/ERR2619740/ERR2619740_2.fastq.gz","ftp.sra.ebi.ac.uk/vol1/fastq/ERR261/000/ERR2619740/ERR2619740_1.fastq.gz;ftp.sra.ebi.ac.uk/vol1/fastq/ERR261/000/ERR2619740/ERR2619740_2.fastq.gz","fasp.sra.ebi.ac.uk:/vol1/fastq/ERR261/000/ERR2619740/ERR2619740_1.fastq.gz;fasp.sra.ebi.ac.uk:/vol1/fastq/ERR261/000/ERR2619740/ERR2619740_2.fastq.gz"
"ERX2637438","data/fastq/ERX2637438_ERR2619741_1.fastq.gz","data/fastq/ERX2637438_ERR2619741_2.fastq.gz","ERR2619741","ERX2637438","SAMEA4719794","ERS2539938","PRJEB27005","ERP109040","ERA1516435","ena-RUN-ALFRED WEGENER INSTITUTE FOR POLAR AND MARINE RESE-08-06-2018-18:06:56:830-35","ena-EXPERIMENT-ALFRED WEGENER INSTITUTE FOR POLAR AND MARINE RESE-08-06-2018-18:06:56:830-35","MVC17","ena-STUDY-ALFRED WEGENER INSTITUTE FOR POLAR AND MARINE RESE-29-05-2018-10:54:56:321-935","PAIRED","RANDOM","METAGENOMIC","WGS","MVC17a","Illumina HiSeq 2000","ILLUMINA","5455252602","27006201","408170","human gut metagenome","Cam2013_MVC17","Illumina HiSeq 2000 paired end sequencing","Gut metagenomes of rural populations in Cameroon","Faecal metagenome of a 29 old female from Akak, Cameroon","af2e81d72d57a3725032090dffaa2187;bd625e354e668dafd0b5186bfc225aa9","2500230701;2503019911","ftp.sra.ebi.ac.uk/vol1/fastq/ERR261/001/ERR2619741/ERR2619741_1.fastq.gz;ftp.sra.ebi.ac.uk/vol1/fastq/ERR261/001/ERR2619741/ERR2619741_2.fastq.gz","ftp.sra.ebi.ac.uk/vol1/fastq/ERR261/001/ERR2619741/ERR2619741_1.fastq.gz;ftp.sra.ebi.ac.uk/vol1/fastq/ERR261/001/ERR2619741/ERR2619741_2.fastq.gz","fasp.sra.ebi.ac.uk:/vol1/fastq/ERR261/001/ERR2619741/ERR2619741_1.fastq.gz;fasp.sra.ebi.ac.uk:/vol1/fastq/ERR261/001/ERR2619741/ERR2619741_2.fastq.gz"
"ERX2637439","data/fastq/ERX2637439_ERR2619742_1.fastq.gz","data/fastq/ERX2637439_ERR2619742_2.fastq.gz","ERR2619742","ERX2637439","SAMEA4719795","ERS2539939","PRJEB27005","ERP109040","ERA1516435","ena-RUN-ALFRED WEGENER INSTITUTE FOR POLAR AND MARINE RESE-08-06-2018-18:06:56:830-36","ena-EXPERIMENT-ALFRED WEGENER INSTITUTE FOR POLAR AND MARINE RESE-08-06-2018-18:06:56:830-36","MVC18","ena-STUDY-ALFRED WEGENER INSTITUTE FOR POLAR AND MARINE RESE-29-05-2018-10:54:56:321-935","PAIRED","RANDOM","METAGENOMIC","WGS","MVC18a","Illumina HiSeq 2000","ILLUMINA","6031151572","29857186","408170","human gut metagenome","Cam2013_MVC18","Illumina HiSeq 2000 paired end sequencing","Gut metagenomes of rural populations in Cameroon","Faecal metagenome of a 27 old female from Akak, Cameroon","e6d0bb24d6b7c30b90ab53aac3672f92;b3a43e749fb1edbc729515e059679b70","2722207373;2711265527","ftp.sra.ebi.ac.uk/vol1/fastq/ERR261/002/ERR2619742/ERR2619742_1.fastq.gz;ftp.sra.ebi.ac.uk/vol1/fastq/ERR261/002/ERR2619742/ERR2619742_2.fastq.gz","ftp.sra.ebi.ac.uk/vol1/fastq/ERR261/002/ERR2619742/ERR2619742_1.fastq.gz;ftp.sra.ebi.ac.uk/vol1/fastq/ERR261/002/ERR2619742/ERR2619742_2.fastq.gz","fasp.sra.ebi.ac.uk:/vol1/fastq/ERR261/002/ERR2619742/ERR2619742_1.fastq.gz;fasp.sra.ebi.ac.uk:/vol1/fastq/ERR261/002/ERR2619742/ERR2619742_2.fastq.gz"
"ERX2637440","data/fastq/ERX2637440_ERR2619743_1.fastq.gz","data/fastq/ERX2637440_ERR2619743_2.fastq.gz","ERR2619743","ERX2637440","SAMEA4719796","ERS2539940","PRJEB27005","ERP109040","ERA1516435","ena-RUN-ALFRED WEGENER INSTITUTE FOR POLAR AND MARINE RESE-08-06-2018-18:06:56:830-37","ena-EXPERIMENT-ALFRED WEGENER INSTITUTE FOR POLAR AND MARINE RESE-08-06-2018-18:06:56:830-37","MVC21","ena-STUDY-ALFRED WEGENER INSTITUTE FOR POLAR AND MARINE RESE-29-05-2018-10:54:56:321-935","PAIRED","RANDOM","METAGENOMIC","WGS","MVC21a","Illumina HiSeq 2000","ILLUMINA","4975572696","24631548","408170","human gut metagenome","Cam2013_MVC21","Illumina HiSeq 2000 paired end sequencing","Gut metagenomes of rural populations in Cameroon","Faecal metagenome of a 45 old male from Akak, Cameroon","10238b0b6e92e096e24eb9b6cd53aee9;6e25b8fe6dc9751b564e90e68a2b6c3c","2306701754;2286595504","ftp.sra.ebi.ac.uk/vol1/fastq/ERR261/003/ERR2619743/ERR2619743_1.fastq.gz;ftp.sra.ebi.ac.uk/vol1/fastq/ERR261/003/ERR2619743/ERR2619743_2.fastq.gz","ftp.sra.ebi.ac.uk/vol1/fastq/ERR261/003/ERR2619743/ERR2619743_1.fastq.gz;ftp.sra.ebi.ac.uk/vol1/fastq/ERR261/003/ERR2619743/ERR2619743_2.fastq.gz","fasp.sra.ebi.ac.uk:/vol1/fastq/ERR261/003/ERR2619743/ERR2619743_1.fastq.gz;fasp.sra.ebi.ac.uk:/vol1/fastq/ERR261/003/ERR2619743/ERR2619743_2.fastq.gz"
"ERX2637441","data/fastq/ERX2637441_ERR2619744_1.fastq.gz","data/fastq/ERX2637441_ERR2619744_2.fastq.gz","ERR2619744","ERX2637441","SAMEA4719797","ERS2539941","PRJEB27005","ERP109040","ERA1516435","ena-RUN-ALFRED WEGENER INSTITUTE FOR POLAR AND MARINE RESE-08-06-2018-18:06:56:830-38","ena-EXPERIMENT-ALFRED WEGENER INSTITUTE FOR POLAR AND MARINE RESE-08-06-2018-18:06:56:830-38","MVC23","ena-STUDY-ALFRED WEGENER INSTITUTE FOR POLAR AND MARINE RESE-29-05-2018-10:54:56:321-935","PAIRED","RANDOM","METAGENOMIC","WGS","MVC23a","Illumina HiSeq 2000","ILLUMINA","5275071632","26114216","408170","human gut metagenome","Cam2013_MVC23","Illumina HiSeq 2000 paired end sequencing","Gut metagenomes of rural populations in Cameroon","Faecal metagenome of a 47 old male from Akak, Cameroon","82dca011f0d1828616d5cc0d21fb1376;54ddd9793a15a85e54b1c90d43382dcd","2438358458;2415030676","ftp.sra.ebi.ac.uk/vol1/fastq/ERR261/004/ERR2619744/ERR2619744_1.fastq.gz;ftp.sra.ebi.ac.uk/vol1/fastq/ERR261/004/ERR2619744/ERR2619744_2.fastq.gz","ftp.sra.ebi.ac.uk/vol1/fastq/ERR261/004/ERR2619744/ERR2619744_1.fastq.gz;ftp.sra.ebi.ac.uk/vol1/fastq/ERR261/004/ERR2619744/ERR2619744_2.fastq.gz","fasp.sra.ebi.ac.uk:/vol1/fastq/ERR261/004/ERR2619744/ERR2619744_1.fastq.gz;fasp.sra.ebi.ac.uk:/vol1/fastq/ERR261/004/ERR2619744/ERR2619744_2.fastq.gz"
"ERX2637442","data/fastq/ERX2637442_ERR2619745_1.fastq.gz","data/fastq/ERX2637442_ERR2619745_2.fastq.gz","ERR2619745","ERX2637442","SAMEA4719798","ERS2539942","PRJEB27005","ERP109040","ERA1516435","ena-RUN-ALFRED WEGENER INSTITUTE FOR POLAR AND MARINE RESE-08-06-2018-18:06:56:830-39","ena-EXPERIMENT-ALFRED WEGENER INSTITUTE FOR POLAR AND MARINE RESE-08-06-2018-18:06:56:830-39","YAE01","ena-STUDY-ALFRED WEGENER INSTITUTE FOR POLAR AND MARINE RESE-29-05-2018-10:54:56:321-935","PAIRED","RANDOM","METAGENOMIC","WGS","YAE01a","Illumina HiSeq 2000","ILLUMINA","5451806684","26989142","408170","human gut metagenome","Cam2013_YAE01","Illumina HiSeq 2000 paired end sequencing","Gut metagenomes of rural populations in Cameroon","Faecal metagenome of a 51 old female from Ebodié, Cameroon","8c2f544aeefe470f2a012cda96338886;f15fd47e3a9722ae4a2c6aab601d52a6","2531917510;2502683797","ftp.sra.ebi.ac.uk/vol1/fastq/ERR261/005/ERR2619745/ERR2619745_1.fastq.gz;ftp.sra.ebi.ac.uk/vol1/fastq/ERR261/005/ERR2619745/ERR2619745_2.fastq.gz","ftp.sra.ebi.ac.uk/vol1/fastq/ERR261/005/ERR2619745/ERR2619745_1.fastq.gz;ftp.sra.ebi.ac.uk/vol1/fastq/ERR261/005/ERR2619745/ERR2619745_2.fastq.gz","fasp.sra.ebi.ac.uk:/vol1/fastq/ERR261/005/ERR2619745/ERR2619745_1.fastq.gz;fasp.sra.ebi.ac.uk:/vol1/fastq/ERR261/005/ERR2619745/ERR2619745_2.fastq.gz"
"ERX2637443","data/fastq/ERX2637443_ERR2619746_1.fastq.gz","data/fastq/ERX2637443_ERR2619746_2.fastq.gz","ERR2619746","ERX2637443","SAMEA4719799","ERS2539943","PRJEB27005","ERP109040","ERA1516435","ena-RUN-ALFRED WEGENER INSTITUTE FOR POLAR AND MARINE RESE-08-06-2018-18:06:56:830-40","ena-EXPERIMENT-ALFRED WEGENER INSTITUTE FOR POLAR AND MARINE RESE-08-06-2018-18:06:56:830-40","YAE02","ena-STUDY-ALFRED WEGENER INSTITUTE FOR POLAR AND MARINE RESE-29-05-2018-10:54:56:321-935","PAIRED","RANDOM","METAGENOMIC","WGS","YAE02a","Illumina HiSeq 2000","ILLUMINA","6634732016","32845208","408170","human gut metagenome","Cam2013_YAE02","Illumina HiSeq 2000 paired end sequencing","Gut metagenomes of rural populations in Cameroon","Faecal metagenome of a 50 old male from Ebodié, Cameroon","53274fab9256b1e4371b8d99de5ade58;a4474324fbc73e2bc8578e4170a01601","3050656063;3014840031","ftp.sra.ebi.ac.uk/vol1/fastq/ERR261/006/ERR2619746/ERR2619746_1.fastq.gz;ftp.sra.ebi.ac.uk/vol1/fastq/ERR261/006/ERR2619746/ERR2619746_2.fastq.gz","ftp.sra.ebi.ac.uk/vol1/fastq/ERR261/006/ERR2619746/ERR2619746_1.fastq.gz;ftp.sra.ebi.ac.uk/vol1/fastq/ERR261/006/ERR2619746/ERR2619746_2.fastq.gz","fasp.sra.ebi.ac.uk:/vol1/fastq/ERR261/006/ERR2619746/ERR2619746_1.fastq.gz;fasp.sra.ebi.ac.uk:/vol1/fastq/ERR261/006/ERR2619746/ERR2619746_2.fastq.gz"
"ERX2637444","data/fastq/ERX2637444_ERR2619747_1.fastq.gz","data/fastq/ERX2637444_ERR2619747_2.fastq.gz","ERR2619747","ERX2637444","SAMEA4719800","ERS2539944","PRJEB27005","ERP109040","ERA1516435","ena-RUN-ALFRED WEGENER INSTITUTE FOR POLAR AND MARINE RESE-08-06-2018-18:06:56:830-41","ena-EXPERIMENT-ALFRED WEGENER INSTITUTE FOR POLAR AND MARINE RESE-08-06-2018-18:06:56:830-41","YAE03","ena-STUDY-ALFRED WEGENER INSTITUTE FOR POLAR AND MARINE RESE-29-05-2018-10:54:56:321-935","PAIRED","RANDOM","METAGENOMIC","WGS","YAE03a","Illumina HiSeq 2000","ILLUMINA","4487403942","22214871","408170","human gut metagenome","Cam2013_YAE03","Illumina HiSeq 2000 paired end sequencing","Gut metagenomes of rural populations in Cameroon","Faecal metagenome of a 40 old male from Ebodié, Cameroon","811c77bc4f19af7f79a62f897093ba81;d70b9d2a16ab83ece13e6d2b8490b705","2090579520;2067402647","ftp.sra.ebi.ac.uk/vol1/fastq/ERR261/007/ERR2619747/ERR2619747_1.fastq.gz;ftp.sra.ebi.ac.uk/vol1/fastq/ERR261/007/ERR2619747/ERR2619747_2.fastq.gz","ftp.sra.ebi.ac.uk/vol1/fastq/ERR261/007/ERR2619747/ERR2619747_1.fastq.gz;ftp.sra.ebi.ac.uk/vol1/fastq/ERR261/007/ERR2619747/ERR2619747_2.fastq.gz","fasp.sra.ebi.ac.uk:/vol1/fastq/ERR261/007/ERR2619747/ERR2619747_1.fastq.gz;fasp.sra.ebi.ac.uk:/vol1/fastq/ERR261/007/ERR2619747/ERR2619747_2.fastq.gz"
"ERX2637445","data/fastq/ERX2637445_ERR2619748_1.fastq.gz","data/fastq/ERX2637445_ERR2619748_2.fastq.gz","ERR2619748","ERX2637445","SAMEA4719801","ERS2539945","PRJEB27005","ERP109040","ERA1516435","ena-RUN-ALFRED WEGENER INSTITUTE FOR POLAR AND MARINE RESE-08-06-2018-18:06:56:830-42","ena-EXPERIMENT-ALFRED WEGENER INSTITUTE FOR POLAR AND MARINE RESE-08-06-2018-18:06:56:830-42","YAE05","ena-STUDY-ALFRED WEGENER INSTITUTE FOR POLAR AND MARINE RESE-29-05-2018-10:54:56:321-935","PAIRED","RANDOM","METAGENOMIC","WGS","YAE05a","Illumina HiSeq 2000","ILLUMINA","6036230660","29882330","408170","human gut metagenome","Cam2013_YAE05","Illumina HiSeq 2000 paired end sequencing","Gut metagenomes of rural populations in Cameroon","Faecal metagenome of a 59 old male from Ebodié, Cameroon","699127978c45dc91b7dc8787f62a181d;812b3fdf8204eb1aa4af32105dc0126b","2788021090;2761496445","ftp.sra.ebi.ac.uk/vol1/fastq/ERR261/008/ERR2619748/ERR2619748_1.fastq.gz;ftp.sra.ebi.ac.uk/vol1/fastq/ERR261/008/ERR2619748/ERR2619748_2.fastq.gz","ftp.sra.ebi.ac.uk/vol1/fastq/ERR261/008/ERR2619748/ERR2619748_1.fastq.gz;ftp.sra.ebi.ac.uk/vol1/fastq/ERR261/008/ERR2619748/ERR2619748_2.fastq.gz","fasp.sra.ebi.ac.uk:/vol1/fastq/ERR261/008/ERR2619748/ERR2619748_1.fastq.gz;fasp.sra.ebi.ac.uk:/vol1/fastq/ERR261/008/ERR2619748/ERR2619748_2.fastq.gz"
"ERX2637446","data/fastq/ERX2637446_ERR2619749_1.fastq.gz","data/fastq/ERX2637446_ERR2619749_2.fastq.gz","ERR2619749","ERX2637446","SAMEA4719802","ERS2539946","PRJEB27005","ERP109040","ERA1516435","ena-RUN-ALFRED WEGENER INSTITUTE FOR POLAR AND MARINE RESE-08-06-2018-18:06:56:830-43","ena-EXPERIMENT-ALFRED WEGENER INSTITUTE FOR POLAR AND MARINE RESE-08-06-2018-18:06:56:830-43","YAE07","ena-STUDY-ALFRED WEGENER INSTITUTE FOR POLAR AND MARINE RESE-29-05-2018-10:54:56:321-935","PAIRED","RANDOM","METAGENOMIC","WGS","YAE07a","Illumina HiSeq 2000","ILLUMINA","4701593228","23275214","408170","human gut metagenome","Cam2013_YAE07","Illumina HiSeq 2000 paired end sequencing","Gut metagenomes of rural populations in Cameroon","Faecal metagenome of a 63 old male from Ebodié, Cameroon","b429c10be34fb6b5871a98ff7b095d26;c48601b98e004a8a3b54a8797b18e729","2184395179;2162042984","ftp.sra.ebi.ac.uk/vol1/fastq/ERR261/009/ERR2619749/ERR2619749_1.fastq.gz;ftp.sra.ebi.ac.uk/vol1/fastq/ERR261/009/ERR2619749/ERR2619749_2.fastq.gz","ftp.sra.ebi.ac.uk/vol1/fastq/ERR261/009/ERR2619749/ERR2619749_1.fastq.gz;ftp.sra.ebi.ac.uk/vol1/fastq/ERR261/009/ERR2619749/ERR2619749_2.fastq.gz","fasp.sra.ebi.ac.uk:/vol1/fastq/ERR261/009/ERR2619749/ERR2619749_1.fastq.gz;fasp.sra.ebi.ac.uk:/vol1/fastq/ERR261/009/ERR2619749/ERR2619749_2.fastq.gz"
"ERX2637447","data/fastq/ERX2637447_ERR2619750_1.fastq.gz","data/fastq/ERX2637447_ERR2619750_2.fastq.gz","ERR2619750","ERX2637447","SAMEA4719803","ERS2539947","PRJEB27005","ERP109040","ERA1516435","ena-RUN-ALFRED WEGENER INSTITUTE FOR POLAR AND MARINE RESE-08-06-2018-18:06:56:830-44","ena-EXPERIMENT-ALFRED WEGENER INSTITUTE FOR POLAR AND MARINE RESE-08-06-2018-18:06:56:830-44","YAE09","ena-STUDY-ALFRED WEGENER INSTITUTE FOR POLAR AND MARINE RESE-29-05-2018-10:54:56:321-935","PAIRED","RANDOM","METAGENOMIC","WGS","YAE09a","Illumina HiSeq 2000","ILLUMINA","6071894164","30058882","408170","human gut metagenome","Cam2013_YAE09","Illumina HiSeq 2000 paired end sequencing","Gut metagenomes of rural populations in Cameroon","Faecal metagenome of a 50 old male from Ebodié, Cameroon","256fd86baf63235d8ef65b79b980da7b;6057c15fa4ed617df88d488c90b6b6a3","2739077141;2739208498","ftp.sra.ebi.ac.uk/vol1/fastq/ERR261/000/ERR2619750/ERR2619750_1.fastq.gz;ftp.sra.ebi.ac.uk/vol1/fastq/ERR261/000/ERR2619750/ERR2619750_2.fastq.gz","ftp.sra.ebi.ac.uk/vol1/fastq/ERR261/000/ERR2619750/ERR2619750_1.fastq.gz;ftp.sra.ebi.ac.uk/vol1/fastq/ERR261/000/ERR2619750/ERR2619750_2.fastq.gz","fasp.sra.ebi.ac.uk:/vol1/fastq/ERR261/000/ERR2619750/ERR2619750_1.fastq.gz;fasp.sra.ebi.ac.uk:/vol1/fastq/ERR261/000/ERR2619750/ERR2619750_2.fastq.gz"
"ERX2637448","data/fastq/ERX2637448_ERR2619751_1.fastq.gz","data/fastq/ERX2637448_ERR2619751_2.fastq.gz","ERR2619751","ERX2637448","SAMEA4719804","ERS2539948","PRJEB27005","ERP109040","ERA1516435","ena-RUN-ALFRED WEGENER INSTITUTE FOR POLAR AND MARINE RESE-08-06-2018-18:06:56:830-45","ena-EXPERIMENT-ALFRED WEGENER INSTITUTE FOR POLAR AND MARINE RESE-08-06-2018-18:06:56:830-45","YAE10","ena-STUDY-ALFRED WEGENER INSTITUTE FOR POLAR AND MARINE RESE-29-05-2018-10:54:56:321-935","PAIRED","RANDOM","METAGENOMIC","WGS","YAE10a","Illumina HiSeq 2000","ILLUMINA","4623556184","22888892","408170","human gut metagenome","Cam2013_YAE10","Illumina HiSeq 2000 paired end sequencing","Gut metagenomes of rural populations in Cameroon","Faecal metagenome of a 62 old male from Ebodié, Cameroon","a5150c3b7eb362eac84441c68aa8bd70;1a8b6306b014c4361542cf3f8842607e","2105723943;2115349963","ftp.sra.ebi.ac.uk/vol1/fastq/ERR261/001/ERR2619751/ERR2619751_1.fastq.gz;ftp.sra.ebi.ac.uk/vol1/fastq/ERR261/001/ERR2619751/ERR2619751_2.fastq.gz","ftp.sra.ebi.ac.uk/vol1/fastq/ERR261/001/ERR2619751/ERR2619751_1.fastq.gz;ftp.sra.ebi.ac.uk/vol1/fastq/ERR261/001/ERR2619751/ERR2619751_2.fastq.gz","fasp.sra.ebi.ac.uk:/vol1/fastq/ERR261/001/ERR2619751/ERR2619751_1.fastq.gz;fasp.sra.ebi.ac.uk:/vol1/fastq/ERR261/001/ERR2619751/ERR2619751_2.fastq.gz"
"ERX2637449","data/fastq/ERX2637449_ERR2619752_1.fastq.gz","data/fastq/ERX2637449_ERR2619752_2.fastq.gz","ERR2619752","ERX2637449","SAMEA4719805","ERS2539949","PRJEB27005","ERP109040","ERA1516435","ena-RUN-ALFRED WEGENER INSTITUTE FOR POLAR AND MARINE RESE-08-06-2018-18:06:56:830-46","ena-EXPERIMENT-ALFRED WEGENER INSTITUTE FOR POLAR AND MARINE RESE-08-06-2018-18:06:56:830-46","YAE11","ena-STUDY-ALFRED WEGENER INSTITUTE FOR POLAR AND MARINE RESE-29-05-2018-10:54:56:321-935","PAIRED","RANDOM","METAGENOMIC","WGS","YAE11a","Illumina HiSeq 2000","ILLUMINA","5874647426","29082413","408170","human gut metagenome","Cam2013_YAE11","Illumina HiSeq 2000 paired end sequencing","Gut metagenomes of rural populations in Cameroon","Faecal metagenome of a 53 old female from Ebodié, Cameroon","5a6406e7d70db6dc9357242aba9976ae;c2428f7206f3336b94cfde97e3d39a21","2675977315;2685492894","ftp.sra.ebi.ac.uk/vol1/fastq/ERR261/002/ERR2619752/ERR2619752_1.fastq.gz;ftp.sra.ebi.ac.uk/vol1/fastq/ERR261/002/ERR2619752/ERR2619752_2.fastq.gz","ftp.sra.ebi.ac.uk/vol1/fastq/ERR261/002/ERR2619752/ERR2619752_1.fastq.gz;ftp.sra.ebi.ac.uk/vol1/fastq/ERR261/002/ERR2619752/ERR2619752_2.fastq.gz","fasp.sra.ebi.ac.uk:/vol1/fastq/ERR261/002/ERR2619752/ERR2619752_1.fastq.gz;fasp.sra.ebi.ac.uk:/vol1/fastq/ERR261/002/ERR2619752/ERR2619752_2.fastq.gz"
"ERX2637450","data/fastq/ERX2637450_ERR2619753_1.fastq.gz","data/fastq/ERX2637450_ERR2619753_2.fastq.gz","ERR2619753","ERX2637450","SAMEA4719806","ERS2539950","PRJEB27005","ERP109040","ERA1516435","ena-RUN-ALFRED WEGENER INSTITUTE FOR POLAR AND MARINE RESE-08-06-2018-18:06:56:830-47","ena-EXPERIMENT-ALFRED WEGENER INSTITUTE FOR POLAR AND MARINE RESE-08-06-2018-18:06:56:830-47","YAE14","ena-STUDY-ALFRED WEGENER INSTITUTE FOR POLAR AND MARINE RESE-29-05-2018-10:54:56:321-935","PAIRED","RANDOM","METAGENOMIC","WGS","YAE14a","Illumina HiSeq 2000","ILLUMINA","5200706342","25746071","408170","human gut metagenome","Cam2013_YAE14","Illumina HiSeq 2000 paired end sequencing","Gut metagenomes of rural populations in Cameroon","Faecal metagenome of a 40 old female from Ebodié, Cameroon","935ed8e5d2968bb385ee7f4affd3a07d;86f9116d2cf04f648fd4af552e59a5ab","2369986076;2355515726","ftp.sra.ebi.ac.uk/vol1/fastq/ERR261/003/ERR2619753/ERR2619753_1.fastq.gz;ftp.sra.ebi.ac.uk/vol1/fastq/ERR261/003/ERR2619753/ERR2619753_2.fastq.gz","ftp.sra.ebi.ac.uk/vol1/fastq/ERR261/003/ERR2619753/ERR2619753_1.fastq.gz;ftp.sra.ebi.ac.uk/vol1/fastq/ERR261/003/ERR2619753/ERR2619753_2.fastq.gz","fasp.sra.ebi.ac.uk:/vol1/fastq/ERR261/003/ERR2619753/ERR2619753_1.fastq.gz;fasp.sra.ebi.ac.uk:/vol1/fastq/ERR261/003/ERR2619753/ERR2619753_2.fastq.gz"
"ERX2637451","data/fastq/ERX2637451_ERR2619754_1.fastq.gz","data/fastq/ERX2637451_ERR2619754_2.fastq.gz","ERR2619754","ERX2637451","SAMEA4719807","ERS2539951","PRJEB27005","ERP109040","ERA1516435","ena-RUN-ALFRED WEGENER INSTITUTE FOR POLAR AND MARINE RESE-08-06-2018-18:06:56:830-48","ena-EXPERIMENT-ALFRED WEGENER INSTITUTE FOR POLAR AND MARINE RESE-08-06-2018-18:06:56:830-48","YAE15","ena-STUDY-ALFRED WEGENER INSTITUTE FOR POLAR AND MARINE RESE-29-05-2018-10:54:56:321-935","PAIRED","RANDOM","METAGENOMIC","WGS","YAE15a","Illumina HiSeq 2000","ILLUMINA","4844652658","23983429","408170","human gut metagenome","Cam2013_YAE15","Illumina HiSeq 2000 paired end sequencing","Gut metagenomes of rural populations in Cameroon","Faecal metagenome of a 68 old male from Ebodié, Cameroon","70707119771aa0d6cd685d4d3a3cd57d;7393ae5444969826cfe721bd639002a1","2218110900;2216024873","ftp.sra.ebi.ac.uk/vol1/fastq/ERR261/004/ERR2619754/ERR2619754_1.fastq.gz;ftp.sra.ebi.ac.uk/vol1/fastq/ERR261/004/ERR2619754/ERR2619754_2.fastq.gz","ftp.sra.ebi.ac.uk/vol1/fastq/ERR261/004/ERR2619754/ERR2619754_1.fastq.gz;ftp.sra.ebi.ac.uk/vol1/fastq/ERR261/004/ERR2619754/ERR2619754_2.fastq.gz","fasp.sra.ebi.ac.uk:/vol1/fastq/ERR261/004/ERR2619754/ERR2619754_1.fastq.gz;fasp.sra.ebi.ac.uk:/vol1/fastq/ERR261/004/ERR2619754/ERR2619754_2.fastq.gz"
"ERX2637452","data/fastq/ERX2637452_ERR2619755_1.fastq.gz","data/fastq/ERX2637452_ERR2619755_2.fastq.gz","ERR2619755","ERX2637452","SAMEA4719808","ERS2539952","PRJEB27005","ERP109040","ERA1516435","ena-RUN-ALFRED WEGENER INSTITUTE FOR POLAR AND MARINE RESE-08-06-2018-18:06:56:830-49","ena-EXPERIMENT-ALFRED WEGENER INSTITUTE FOR POLAR AND MARINE RESE-08-06-2018-18:06:56:830-49","YAE16","ena-STUDY-ALFRED WEGENER INSTITUTE FOR POLAR AND MARINE RESE-29-05-2018-10:54:56:321-935","PAIRED","RANDOM","METAGENOMIC","WGS","YAE16a","Illumina HiSeq 2000","ILLUMINA","4861667118","24067659","408170","human gut metagenome","Cam2013_YAE16","Illumina HiSeq 2000 paired end sequencing","Gut metagenomes of rural populations in Cameroon","Faecal metagenome of a 45 old female from Ebodié, Cameroon","a3049052663e26a927d8d937403dafb2;a0fcd989a5337fdedd905c2b03f75aec","2232214898;2219592244","ftp.sra.ebi.ac.uk/vol1/fastq/ERR261/005/ERR2619755/ERR2619755_1.fastq.gz;ftp.sra.ebi.ac.uk/vol1/fastq/ERR261/005/ERR2619755/ERR2619755_2.fastq.gz","ftp.sra.ebi.ac.uk/vol1/fastq/ERR261/005/ERR2619755/ERR2619755_1.fastq.gz;ftp.sra.ebi.ac.uk/vol1/fastq/ERR261/005/ERR2619755/ERR2619755_2.fastq.gz","fasp.sra.ebi.ac.uk:/vol1/fastq/ERR261/005/ERR2619755/ERR2619755_1.fastq.gz;fasp.sra.ebi.ac.uk:/vol1/fastq/ERR261/005/ERR2619755/ERR2619755_2.fastq.gz"
"ERX2637453","data/fastq/ERX2637453_ERR2619756_1.fastq.gz","data/fastq/ERX2637453_ERR2619756_2.fastq.gz","ERR2619756","ERX2637453","SAMEA4719809","ERS2539953","PRJEB27005","ERP109040","ERA1516435","ena-RUN-ALFRED WEGENER INSTITUTE FOR POLAR AND MARINE RESE-08-06-2018-18:06:56:830-50","ena-EXPERIMENT-ALFRED WEGENER INSTITUTE FOR POLAR AND MARINE RESE-08-06-2018-18:06:56:830-50","YAE17","ena-STUDY-ALFRED WEGENER INSTITUTE FOR POLAR AND MARINE RESE-29-05-2018-10:54:56:321-935","PAIRED","RANDOM","METAGENOMIC","WGS","YAE17a","Illumina HiSeq 2000","ILLUMINA","4432075940","21940970","408170","human gut metagenome","Cam2013_YAE17","Illumina HiSeq 2000 paired end sequencing","Gut metagenomes of rural populations in Cameroon","Faecal metagenome of a 70 old male from Ebodié, Cameroon","6f796363a3dc3a7e41c32fcf30fd9fcf;5414ed0e6450af743d86f902b8cbc663","2033872599;2027059343","ftp.sra.ebi.ac.uk/vol1/fastq/ERR261/006/ERR2619756/ERR2619756_1.fastq.gz;ftp.sra.ebi.ac.uk/vol1/fastq/ERR261/006/ERR2619756/ERR2619756_2.fastq.gz","ftp.sra.ebi.ac.uk/vol1/fastq/ERR261/006/ERR2619756/ERR2619756_1.fastq.gz;ftp.sra.ebi.ac.uk/vol1/fastq/ERR261/006/ERR2619756/ERR2619756_2.fastq.gz","fasp.sra.ebi.ac.uk:/vol1/fastq/ERR261/006/ERR2619756/ERR2619756_1.fastq.gz;fasp.sra.ebi.ac.uk:/vol1/fastq/ERR261/006/ERR2619756/ERR2619756_2.fastq.gz"
"ERX2637454","data/fastq/ERX2637454_ERR2619757_1.fastq.gz","data/fastq/ERX2637454_ERR2619757_2.fastq.gz","ERR2619757","ERX2637454","SAMEA4719810","ERS2539954","PRJEB27005","ERP109040","ERA1516435","ena-RUN-ALFRED WEGENER INSTITUTE FOR POLAR AND MARINE RESE-08-06-2018-18:06:56:830-51","ena-EXPERIMENT-ALFRED WEGENER INSTITUTE FOR POLAR AND MARINE RESE-08-06-2018-18:06:56:830-51","YAE18","ena-STUDY-ALFRED WEGENER INSTITUTE FOR POLAR AND MARINE RESE-29-05-2018-10:54:56:321-935","PAIRED","RANDOM","METAGENOMIC","WGS","YAE18a","Illumina HiSeq 2000","ILLUMINA","4638513072","22962936","408170","human gut metagenome","Cam2013_YAE18","Illumina HiSeq 2000 paired end sequencing","Gut metagenomes of rural populations in Cameroon","Faecal metagenome of a 56 old female from Ebodié, Cameroon","d863a53ff885bb818957bf1ab3c5625d;2ac683046b8ceb0cf5aa436a3f167226","2105093332;2101582731","ftp.sra.ebi.ac.uk/vol1/fastq/ERR261/007/ERR2619757/ERR2619757_1.fastq.gz;ftp.sra.ebi.ac.uk/vol1/fastq/ERR261/007/ERR2619757/ERR2619757_2.fastq.gz","ftp.sra.ebi.ac.uk/vol1/fastq/ERR261/007/ERR2619757/ERR2619757_1.fastq.gz;ftp.sra.ebi.ac.uk/vol1/fastq/ERR261/007/ERR2619757/ERR2619757_2.fastq.gz","fasp.sra.ebi.ac.uk:/vol1/fastq/ERR261/007/ERR2619757/ERR2619757_1.fastq.gz;fasp.sra.ebi.ac.uk:/vol1/fastq/ERR261/007/ERR2619757/ERR2619757_2.fastq.gz"
"ERX2637455","data/fastq/ERX2637455_ERR2619758_1.fastq.gz","data/fastq/ERX2637455_ERR2619758_2.fastq.gz","ERR2619758","ERX2637455","SAMEA4719811","ERS2539955","PRJEB27005","ERP109040","ERA1516435","ena-RUN-ALFRED WEGENER INSTITUTE FOR POLAR AND MARINE RESE-08-06-2018-18:06:56:830-52","ena-EXPERIMENT-ALFRED WEGENER INSTITUTE FOR POLAR AND MARINE RESE-08-06-2018-18:06:56:830-52","YAE19","ena-STUDY-ALFRED WEGENER INSTITUTE FOR POLAR AND MARINE RESE-29-05-2018-10:54:56:321-935","PAIRED","RANDOM","METAGENOMIC","WGS","YAE19a","Illumina HiSeq 2000","ILLUMINA","4741937274","23474937","408170","human gut metagenome","Cam2013_YAE19","Illumina HiSeq 2000 paired end sequencing","Gut metagenomes of rural populations in Cameroon","Faecal metagenome of a 63 old male from Ebodié, Cameroon","6be7961f9aed133b96d38bdb9779bfb8;c605bc0c6ab2a130808a2904631b9e3b","2184406230;2181176080","ftp.sra.ebi.ac.uk/vol1/fastq/ERR261/008/ERR2619758/ERR2619758_1.fastq.gz;ftp.sra.ebi.ac.uk/vol1/fastq/ERR261/008/ERR2619758/ERR2619758_2.fastq.gz","ftp.sra.ebi.ac.uk/vol1/fastq/ERR261/008/ERR2619758/ERR2619758_1.fastq.gz;ftp.sra.ebi.ac.uk/vol1/fastq/ERR261/008/ERR2619758/ERR2619758_2.fastq.gz","fasp.sra.ebi.ac.uk:/vol1/fastq/ERR261/008/ERR2619758/ERR2619758_1.fastq.gz;fasp.sra.ebi.ac.uk:/vol1/fastq/ERR261/008/ERR2619758/ERR2619758_2.fastq.gz"
"ERX2637456","data/fastq/ERX2637456_ERR2619759_1.fastq.gz","data/fastq/ERX2637456_ERR2619759_2.fastq.gz","ERR2619759","ERX2637456","SAMEA4719812","ERS2539956","PRJEB27005","ERP109040","ERA1516435","ena-RUN-ALFRED WEGENER INSTITUTE FOR POLAR AND MARINE RESE-08-06-2018-18:06:56:830-53","ena-EXPERIMENT-ALFRED WEGENER INSTITUTE FOR POLAR AND MARINE RESE-08-06-2018-18:06:56:830-53","YAE20","ena-STUDY-ALFRED WEGENER INSTITUTE FOR POLAR AND MARINE RESE-29-05-2018-10:54:56:321-935","PAIRED","RANDOM","METAGENOMIC","WGS","YAE20a","Illumina HiSeq 2000","ILLUMINA","4542762244","22488922","408170","human gut metagenome","Cam2013_YAE20","Illumina HiSeq 2000 paired end sequencing","Gut metagenomes of rural populations in Cameroon","Faecal metagenome of a 54 old male from Ebodié, Cameroon","de9c9e6ac1c62cc5cc00ce6463a214f7;86e18c707bd4c77b939f757e332f6126","2079061363;2073257237","ftp.sra.ebi.ac.uk/vol1/fastq/ERR261/009/ERR2619759/ERR2619759_1.fastq.gz;ftp.sra.ebi.ac.uk/vol1/fastq/ERR261/009/ERR2619759/ERR2619759_2.fastq.gz","ftp.sra.ebi.ac.uk/vol1/fastq/ERR261/009/ERR2619759/ERR2619759_1.fastq.gz;ftp.sra.ebi.ac.uk/vol1/fastq/ERR261/009/ERR2619759/ERR2619759_2.fastq.gz","fasp.sra.ebi.ac.uk:/vol1/fastq/ERR261/009/ERR2619759/ERR2619759_1.fastq.gz;fasp.sra.ebi.ac.uk:/vol1/fastq/ERR261/009/ERR2619759/ERR2619759_2.fastq.gz"
"ERX2637457","data/fastq/ERX2637457_ERR2619760_1.fastq.gz","data/fastq/ERX2637457_ERR2619760_2.fastq.gz","ERR2619760","ERX2637457","SAMEA4719813","ERS2539957","PRJEB27005","ERP109040","ERA1516435","ena-RUN-ALFRED WEGENER INSTITUTE FOR POLAR AND MARINE RESE-08-06-2018-18:06:56:830-54","ena-EXPERIMENT-ALFRED WEGENER INSTITUTE FOR POLAR AND MARINE RESE-08-06-2018-18:06:56:830-54","YAE22","ena-STUDY-ALFRED WEGENER INSTITUTE FOR POLAR AND MARINE RESE-29-05-2018-10:54:56:321-935","PAIRED","RANDOM","METAGENOMIC","WGS","YAE22a","Illumina HiSeq 2000","ILLUMINA","4595429502","22749651","408170","human gut metagenome","Cam2013_YAE22","Illumina HiSeq 2000 paired end sequencing","Gut metagenomes of rural populations in Cameroon","Faecal metagenome of a 43 old female from Ebodié, Cameroon","1da658e77caae0a7e23789cc4862e219;f417073b8a31ec602eddbcd4277f492c","2095851020;2095887461","ftp.sra.ebi.ac.uk/vol1/fastq/ERR261/000/ERR2619760/ERR2619760_1.fastq.gz;ftp.sra.ebi.ac.uk/vol1/fastq/ERR261/000/ERR2619760/ERR2619760_2.fastq.gz","ftp.sra.ebi.ac.uk/vol1/fastq/ERR261/000/ERR2619760/ERR2619760_1.fastq.gz;ftp.sra.ebi.ac.uk/vol1/fastq/ERR261/000/ERR2619760/ERR2619760_2.fastq.gz","fasp.sra.ebi.ac.uk:/vol1/fastq/ERR261/000/ERR2619760/ERR2619760_1.fastq.gz;fasp.sra.ebi.ac.uk:/vol1/fastq/ERR261/000/ERR2619760/ERR2619760_2.fastq.gz"
"ERX2637458","data/fastq/ERX2637458_ERR2619761_1.fastq.gz","data/fastq/ERX2637458_ERR2619761_2.fastq.gz","ERR2619761","ERX2637458","SAMEA4719814","ERS2539958","PRJEB27005","ERP109040","ERA1516435","ena-RUN-ALFRED WEGENER INSTITUTE FOR POLAR AND MARINE RESE-08-06-2018-18:06:56:830-55","ena-EXPERIMENT-ALFRED WEGENER INSTITUTE FOR POLAR AND MARINE RESE-08-06-2018-18:06:56:830-55","YAE24","ena-STUDY-ALFRED WEGENER INSTITUTE FOR POLAR AND MARINE RESE-29-05-2018-10:54:56:321-935","PAIRED","RANDOM","METAGENOMIC","WGS","YAE24a","Illumina HiSeq 2000","ILLUMINA","4114278228","20367714","408170","human gut metagenome","Cam2013_YAE24","Illumina HiSeq 2000 paired end sequencing","Gut metagenomes of rural populations in Cameroon","Faecal metagenome of a 73 old female from Ebodié, Cameroon","fcfc49494e4558e299967666cf3c7988;48776f52a9d51e0563fdac2218c27536","1877822952;1871372893","ftp.sra.ebi.ac.uk/vol1/fastq/ERR261/001/ERR2619761/ERR2619761_1.fastq.gz;ftp.sra.ebi.ac.uk/vol1/fastq/ERR261/001/ERR2619761/ERR2619761_2.fastq.gz","ftp.sra.ebi.ac.uk/vol1/fastq/ERR261/001/ERR2619761/ERR2619761_1.fastq.gz;ftp.sra.ebi.ac.uk/vol1/fastq/ERR261/001/ERR2619761/ERR2619761_2.fastq.gz","fasp.sra.ebi.ac.uk:/vol1/fastq/ERR261/001/ERR2619761/ERR2619761_1.fastq.gz;fasp.sra.ebi.ac.uk:/vol1/fastq/ERR261/001/ERR2619761/ERR2619761_2.fastq.gz"
"ERX2637459","data/fastq/ERX2637459_ERR2619762_1.fastq.gz","data/fastq/ERX2637459_ERR2619762_2.fastq.gz","ERR2619762","ERX2637459","SAMEA4719815","ERS2539959","PRJEB27005","ERP109040","ERA1516435","ena-RUN-ALFRED WEGENER INSTITUTE FOR POLAR AND MARINE RESE-08-06-2018-18:06:56:831-56","ena-EXPERIMENT-ALFRED WEGENER INSTITUTE FOR POLAR AND MARINE RESE-08-06-2018-18:06:56:831-56","YAE25","ena-STUDY-ALFRED WEGENER INSTITUTE FOR POLAR AND MARINE RESE-29-05-2018-10:54:56:321-935","PAIRED","RANDOM","METAGENOMIC","WGS","YAE25a","Illumina HiSeq 2000","ILLUMINA","5089474436","25195418","408170","human gut metagenome","Cam2013_YAE25","Illumina HiSeq 2000 paired end sequencing","Gut metagenomes of rural populations in Cameroon","Faecal metagenome of a 31 old male from Ebodié, Cameroon","a5a2a1a0fe93d0ca6fb40a4e790ce465;21afe62098e667591665fd82646fb61c","2314703661;2315109074","ftp.sra.ebi.ac.uk/vol1/fastq/ERR261/002/ERR2619762/ERR2619762_1.fastq.gz;ftp.sra.ebi.ac.uk/vol1/fastq/ERR261/002/ERR2619762/ERR2619762_2.fastq.gz","ftp.sra.ebi.ac.uk/vol1/fastq/ERR261/002/ERR2619762/ERR2619762_1.fastq.gz;ftp.sra.ebi.ac.uk/vol1/fastq/ERR261/002/ERR2619762/ERR2619762_2.fastq.gz","fasp.sra.ebi.ac.uk:/vol1/fastq/ERR261/002/ERR2619762/ERR2619762_1.fastq.gz;fasp.sra.ebi.ac.uk:/vol1/fastq/ERR261/002/ERR2619762/ERR2619762_2.fastq.gz"
"ERX2637460","data/fastq/ERX2637460_ERR2619763_1.fastq.gz","data/fastq/ERX2637460_ERR2619763_2.fastq.gz","ERR2619763","ERX2637460","SAMEA4719816","ERS2539960","PRJEB27005","ERP109040","ERA1516435","ena-RUN-ALFRED WEGENER INSTITUTE FOR POLAR AND MARINE RESE-08-06-2018-18:06:56:831-57","ena-EXPERIMENT-ALFRED WEGENER INSTITUTE FOR POLAR AND MARINE RESE-08-06-2018-18:06:56:831-57","YAE26","ena-STUDY-ALFRED WEGENER INSTITUTE FOR POLAR AND MARINE RESE-29-05-2018-10:54:56:321-935","PAIRED","RANDOM","METAGENOMIC","WGS","YAE26a","Illumina HiSeq 2000","ILLUMINA","6065562272","30027536","408170","human gut metagenome","Cam2013_YAE26","Illumina HiSeq 2000 paired end sequencing","Gut metagenomes of rural populations in Cameroon","Faecal metagenome of a 44 old female from Ebodié, Cameroon","8008496e80d8650f80df363b262719f1;95a8899b62af2e6cac917c7ec5e8448a","2704006132;2699227839","ftp.sra.ebi.ac.uk/vol1/fastq/ERR261/003/ERR2619763/ERR2619763_1.fastq.gz;ftp.sra.ebi.ac.uk/vol1/fastq/ERR261/003/ERR2619763/ERR2619763_2.fastq.gz","ftp.sra.ebi.ac.uk/vol1/fastq/ERR261/003/ERR2619763/ERR2619763_1.fastq.gz;ftp.sra.ebi.ac.uk/vol1/fastq/ERR261/003/ERR2619763/ERR2619763_2.fastq.gz","fasp.sra.ebi.ac.uk:/vol1/fastq/ERR261/003/ERR2619763/ERR2619763_1.fastq.gz;fasp.sra.ebi.ac.uk:/vol1/fastq/ERR261/003/ERR2619763/ERR2619763_2.fastq.gz"
